<HighSchoolTimetableArchive>
  <Instances>
    <Instance Id="I5-TAB6">
      <MetaData>
        <Name>I5-TAB6</Name>
        <Contributor>Claudio Crobu</Contributor>
        <Date>01/15/2022 19:11:05 608</Date>
        <Country>Italy</Country>
        <Description>Dataset created automatically by IHSTP OPL model</Description>
      </MetaData>
      <Times>
        <TimeGroups>
          <Day Id="gr_Mo"><Name>Mo</Name></Day>
          <Day Id="gr_Tu"><Name>Tu</Name></Day>
          <Day Id="gr_We"><Name>We</Name></Day>
          <Day Id="gr_Th"><Name>Th</Name></Day>
          <Day Id="gr_Fr"><Name>Fr</Name></Day>
          <Day Id="gr_Sa"><Name>Sa</Name></Day>
          <TimeGroup Id="gr_TimesDurationTwo"><Name>TimesDurationTwo</Name></TimeGroup>
          <TimeGroup Id="gr_LastTimes"><Name>Last times of day</Name></TimeGroup>
          <TimeGroup Id="gr_Mo_1"><Name>Mo_1</Name></TimeGroup>
          <TimeGroup Id="gr_Mo_2"><Name>Mo_2</Name></TimeGroup>
          <TimeGroup Id="gr_Mo_3"><Name>Mo_3</Name></TimeGroup>
          <TimeGroup Id="gr_Mo_4"><Name>Mo_4</Name></TimeGroup>
          <TimeGroup Id="gr_Mo_5"><Name>Mo_5</Name></TimeGroup>
          <TimeGroup Id="gr_Mo_6"><Name>Mo_6</Name></TimeGroup>
          <TimeGroup Id="gr_Mo_7"><Name>Mo_7</Name></TimeGroup>
          <TimeGroup Id="gr_Mo_8"><Name>Mo_8</Name></TimeGroup>
          <TimeGroup Id="gr_Mo_9"><Name>Mo_9</Name></TimeGroup>
          <TimeGroup Id="gr_Mo_10"><Name>Mo_10</Name></TimeGroup>
          <TimeGroup Id="gr_Mo_11"><Name>Mo_11</Name></TimeGroup>
          <TimeGroup Id="gr_Tu_1"><Name>Tu_1</Name></TimeGroup>
          <TimeGroup Id="gr_Tu_2"><Name>Tu_2</Name></TimeGroup>
          <TimeGroup Id="gr_Tu_3"><Name>Tu_3</Name></TimeGroup>
          <TimeGroup Id="gr_Tu_4"><Name>Tu_4</Name></TimeGroup>
          <TimeGroup Id="gr_Tu_5"><Name>Tu_5</Name></TimeGroup>
          <TimeGroup Id="gr_Tu_6"><Name>Tu_6</Name></TimeGroup>
          <TimeGroup Id="gr_Tu_7"><Name>Tu_7</Name></TimeGroup>
          <TimeGroup Id="gr_Tu_8"><Name>Tu_8</Name></TimeGroup>
          <TimeGroup Id="gr_Tu_9"><Name>Tu_9</Name></TimeGroup>
          <TimeGroup Id="gr_Tu_10"><Name>Tu_10</Name></TimeGroup>
          <TimeGroup Id="gr_Tu_11"><Name>Tu_11</Name></TimeGroup>
          <TimeGroup Id="gr_We_1"><Name>We_1</Name></TimeGroup>
          <TimeGroup Id="gr_We_2"><Name>We_2</Name></TimeGroup>
          <TimeGroup Id="gr_We_3"><Name>We_3</Name></TimeGroup>
          <TimeGroup Id="gr_We_4"><Name>We_4</Name></TimeGroup>
          <TimeGroup Id="gr_We_5"><Name>We_5</Name></TimeGroup>
          <TimeGroup Id="gr_We_6"><Name>We_6</Name></TimeGroup>
          <TimeGroup Id="gr_We_7"><Name>We_7</Name></TimeGroup>
          <TimeGroup Id="gr_We_8"><Name>We_8</Name></TimeGroup>
          <TimeGroup Id="gr_We_9"><Name>We_9</Name></TimeGroup>
          <TimeGroup Id="gr_We_10"><Name>We_10</Name></TimeGroup>
          <TimeGroup Id="gr_We_11"><Name>We_11</Name></TimeGroup>
          <TimeGroup Id="gr_Th_1"><Name>Th_1</Name></TimeGroup>
          <TimeGroup Id="gr_Th_2"><Name>Th_2</Name></TimeGroup>
          <TimeGroup Id="gr_Th_3"><Name>Th_3</Name></TimeGroup>
          <TimeGroup Id="gr_Th_4"><Name>Th_4</Name></TimeGroup>
          <TimeGroup Id="gr_Th_5"><Name>Th_5</Name></TimeGroup>
          <TimeGroup Id="gr_Th_6"><Name>Th_6</Name></TimeGroup>
          <TimeGroup Id="gr_Th_7"><Name>Th_7</Name></TimeGroup>
          <TimeGroup Id="gr_Th_8"><Name>Th_8</Name></TimeGroup>
          <TimeGroup Id="gr_Th_9"><Name>Th_9</Name></TimeGroup>
          <TimeGroup Id="gr_Th_10"><Name>Th_10</Name></TimeGroup>
          <TimeGroup Id="gr_Th_11"><Name>Th_11</Name></TimeGroup>
          <TimeGroup Id="gr_Fr_1"><Name>Fr_1</Name></TimeGroup>
          <TimeGroup Id="gr_Fr_2"><Name>Fr_2</Name></TimeGroup>
          <TimeGroup Id="gr_Fr_3"><Name>Fr_3</Name></TimeGroup>
          <TimeGroup Id="gr_Fr_4"><Name>Fr_4</Name></TimeGroup>
          <TimeGroup Id="gr_Fr_5"><Name>Fr_5</Name></TimeGroup>
          <TimeGroup Id="gr_Fr_6"><Name>Fr_6</Name></TimeGroup>
          <TimeGroup Id="gr_Fr_7"><Name>Fr_7</Name></TimeGroup>
          <TimeGroup Id="gr_Fr_8"><Name>Fr_8</Name></TimeGroup>
          <TimeGroup Id="gr_Fr_9"><Name>Fr_9</Name></TimeGroup>
          <TimeGroup Id="gr_Fr_10"><Name>Fr_10</Name></TimeGroup>
          <TimeGroup Id="gr_Fr_11"><Name>Fr_11</Name></TimeGroup>
          <TimeGroup Id="gr_Sa_1"><Name>Sa_1</Name></TimeGroup>
          <TimeGroup Id="gr_Sa_2"><Name>Sa_2</Name></TimeGroup>
          <TimeGroup Id="gr_Sa_3"><Name>Sa_3</Name></TimeGroup>
          <TimeGroup Id="gr_Sa_4"><Name>Sa_4</Name></TimeGroup>
          <TimeGroup Id="gr_Sa_5"><Name>Sa_5</Name></TimeGroup>
          <TimeGroup Id="gr_Sa_6"><Name>Sa_6</Name></TimeGroup>
          <TimeGroup Id="gr_Sa_7"><Name>Sa_7</Name></TimeGroup>
          <TimeGroup Id="gr_Sa_8"><Name>Sa_8</Name></TimeGroup>
          <TimeGroup Id="gr_Sa_9"><Name>Sa_9</Name></TimeGroup>
          <TimeGroup Id="gr_Sa_10"><Name>Sa_10</Name></TimeGroup>
          <TimeGroup Id="gr_Sa_11"><Name>Sa_11</Name></TimeGroup>
        </TimeGroups>
        <Time Id="Mo_1">
          <Name>Mo_1</Name>
          <Day Reference="gr_Mo"/>
          <TimeGroups>
            <TimeGroup Reference="gr_TimesDurationTwo"/>
            <TimeGroup Reference="gr_Mo_1"/>
          </TimeGroups>
        </Time>
        <Time Id="Mo_2">
          <Name>Mo_2</Name>
          <Day Reference="gr_Mo"/>
          <TimeGroups>
            <TimeGroup Reference="gr_TimesDurationTwo"/>
            <TimeGroup Reference="gr_Mo_2"/>
          </TimeGroups>
        </Time>
        <Time Id="Mo_3">
          <Name>Mo_3</Name>
          <Day Reference="gr_Mo"/>
          <TimeGroups>
            <TimeGroup Reference="gr_TimesDurationTwo"/>
            <TimeGroup Reference="gr_Mo_3"/>
          </TimeGroups>
        </Time>
        <Time Id="Mo_4">
          <Name>Mo_4</Name>
          <Day Reference="gr_Mo"/>
          <TimeGroups>
            <TimeGroup Reference="gr_TimesDurationTwo"/>
            <TimeGroup Reference="gr_Mo_4"/>
          </TimeGroups>
        </Time>
        <Time Id="Mo_5">
          <Name>Mo_5</Name>
          <Day Reference="gr_Mo"/>
          <TimeGroups>
            <TimeGroup Reference="gr_TimesDurationTwo"/>
            <TimeGroup Reference="gr_Mo_5"/>
          </TimeGroups>
        </Time>
        <Time Id="Mo_6">
          <Name>Mo_6</Name>
          <Day Reference="gr_Mo"/>
          <TimeGroups>
            <TimeGroup Reference="gr_TimesDurationTwo"/>
            <TimeGroup Reference="gr_Mo_6"/>
          </TimeGroups>
        </Time>
        <Time Id="Mo_7">
          <Name>Mo_7</Name>
          <Day Reference="gr_Mo"/>
          <TimeGroups>
            <TimeGroup Reference="gr_TimesDurationTwo"/>
            <TimeGroup Reference="gr_Mo_7"/>
          </TimeGroups>
        </Time>
        <Time Id="Mo_8">
          <Name>Mo_8</Name>
          <Day Reference="gr_Mo"/>
          <TimeGroups>
            <TimeGroup Reference="gr_TimesDurationTwo"/>
            <TimeGroup Reference="gr_Mo_8"/>
          </TimeGroups>
        </Time>
        <Time Id="Mo_9">
          <Name>Mo_9</Name>
          <Day Reference="gr_Mo"/>
          <TimeGroups>
            <TimeGroup Reference="gr_TimesDurationTwo"/>
            <TimeGroup Reference="gr_Mo_9"/>
          </TimeGroups>
        </Time>
        <Time Id="Mo_10">
          <Name>Mo_10</Name>
          <Day Reference="gr_Mo"/>
          <TimeGroups>
            <TimeGroup Reference="gr_TimesDurationTwo"/>
            <TimeGroup Reference="gr_Mo_10"/>
          </TimeGroups>
        </Time>
        <Time Id="Mo_11">
          <Name>Mo_11</Name>
          <Day Reference="gr_Mo"/>
          <TimeGroups>
            <TimeGroup Reference="gr_LastTimes"/>
            <TimeGroup Reference="gr_Mo_11"/>
          </TimeGroups>
        </Time>
        <Time Id="Tu_1">
          <Name>Tu_1</Name>
          <Day Reference="gr_Tu"/>
          <TimeGroups>
            <TimeGroup Reference="gr_TimesDurationTwo"/>
            <TimeGroup Reference="gr_Tu_1"/>
          </TimeGroups>
        </Time>
        <Time Id="Tu_2">
          <Name>Tu_2</Name>
          <Day Reference="gr_Tu"/>
          <TimeGroups>
            <TimeGroup Reference="gr_TimesDurationTwo"/>
            <TimeGroup Reference="gr_Tu_2"/>
          </TimeGroups>
        </Time>
        <Time Id="Tu_3">
          <Name>Tu_3</Name>
          <Day Reference="gr_Tu"/>
          <TimeGroups>
            <TimeGroup Reference="gr_TimesDurationTwo"/>
            <TimeGroup Reference="gr_Tu_3"/>
          </TimeGroups>
        </Time>
        <Time Id="Tu_4">
          <Name>Tu_4</Name>
          <Day Reference="gr_Tu"/>
          <TimeGroups>
            <TimeGroup Reference="gr_TimesDurationTwo"/>
            <TimeGroup Reference="gr_Tu_4"/>
          </TimeGroups>
        </Time>
        <Time Id="Tu_5">
          <Name>Tu_5</Name>
          <Day Reference="gr_Tu"/>
          <TimeGroups>
            <TimeGroup Reference="gr_TimesDurationTwo"/>
            <TimeGroup Reference="gr_Tu_5"/>
          </TimeGroups>
        </Time>
        <Time Id="Tu_6">
          <Name>Tu_6</Name>
          <Day Reference="gr_Tu"/>
          <TimeGroups>
            <TimeGroup Reference="gr_TimesDurationTwo"/>
            <TimeGroup Reference="gr_Tu_6"/>
          </TimeGroups>
        </Time>
        <Time Id="Tu_7">
          <Name>Tu_7</Name>
          <Day Reference="gr_Tu"/>
          <TimeGroups>
            <TimeGroup Reference="gr_TimesDurationTwo"/>
            <TimeGroup Reference="gr_Tu_7"/>
          </TimeGroups>
        </Time>
        <Time Id="Tu_8">
          <Name>Tu_8</Name>
          <Day Reference="gr_Tu"/>
          <TimeGroups>
            <TimeGroup Reference="gr_TimesDurationTwo"/>
            <TimeGroup Reference="gr_Tu_8"/>
          </TimeGroups>
        </Time>
        <Time Id="Tu_9">
          <Name>Tu_9</Name>
          <Day Reference="gr_Tu"/>
          <TimeGroups>
            <TimeGroup Reference="gr_TimesDurationTwo"/>
            <TimeGroup Reference="gr_Tu_9"/>
          </TimeGroups>
        </Time>
        <Time Id="Tu_10">
          <Name>Tu_10</Name>
          <Day Reference="gr_Tu"/>
          <TimeGroups>
            <TimeGroup Reference="gr_TimesDurationTwo"/>
            <TimeGroup Reference="gr_Tu_10"/>
          </TimeGroups>
        </Time>
        <Time Id="Tu_11">
          <Name>Tu_11</Name>
          <Day Reference="gr_Tu"/>
          <TimeGroups>
            <TimeGroup Reference="gr_LastTimes"/>
            <TimeGroup Reference="gr_Tu_11"/>
          </TimeGroups>
        </Time>
        <Time Id="We_1">
          <Name>We_1</Name>
          <Day Reference="gr_We"/>
          <TimeGroups>
            <TimeGroup Reference="gr_TimesDurationTwo"/>
            <TimeGroup Reference="gr_We_1"/>
          </TimeGroups>
        </Time>
        <Time Id="We_2">
          <Name>We_2</Name>
          <Day Reference="gr_We"/>
          <TimeGroups>
            <TimeGroup Reference="gr_TimesDurationTwo"/>
            <TimeGroup Reference="gr_We_2"/>
          </TimeGroups>
        </Time>
        <Time Id="We_3">
          <Name>We_3</Name>
          <Day Reference="gr_We"/>
          <TimeGroups>
            <TimeGroup Reference="gr_TimesDurationTwo"/>
            <TimeGroup Reference="gr_We_3"/>
          </TimeGroups>
        </Time>
        <Time Id="We_4">
          <Name>We_4</Name>
          <Day Reference="gr_We"/>
          <TimeGroups>
            <TimeGroup Reference="gr_TimesDurationTwo"/>
            <TimeGroup Reference="gr_We_4"/>
          </TimeGroups>
        </Time>
        <Time Id="We_5">
          <Name>We_5</Name>
          <Day Reference="gr_We"/>
          <TimeGroups>
            <TimeGroup Reference="gr_TimesDurationTwo"/>
            <TimeGroup Reference="gr_We_5"/>
          </TimeGroups>
        </Time>
        <Time Id="We_6">
          <Name>We_6</Name>
          <Day Reference="gr_We"/>
          <TimeGroups>
            <TimeGroup Reference="gr_TimesDurationTwo"/>
            <TimeGroup Reference="gr_We_6"/>
          </TimeGroups>
        </Time>
        <Time Id="We_7">
          <Name>We_7</Name>
          <Day Reference="gr_We"/>
          <TimeGroups>
            <TimeGroup Reference="gr_TimesDurationTwo"/>
            <TimeGroup Reference="gr_We_7"/>
          </TimeGroups>
        </Time>
        <Time Id="We_8">
          <Name>We_8</Name>
          <Day Reference="gr_We"/>
          <TimeGroups>
            <TimeGroup Reference="gr_TimesDurationTwo"/>
            <TimeGroup Reference="gr_We_8"/>
          </TimeGroups>
        </Time>
        <Time Id="We_9">
          <Name>We_9</Name>
          <Day Reference="gr_We"/>
          <TimeGroups>
            <TimeGroup Reference="gr_TimesDurationTwo"/>
            <TimeGroup Reference="gr_We_9"/>
          </TimeGroups>
        </Time>
        <Time Id="We_10">
          <Name>We_10</Name>
          <Day Reference="gr_We"/>
          <TimeGroups>
            <TimeGroup Reference="gr_TimesDurationTwo"/>
            <TimeGroup Reference="gr_We_10"/>
          </TimeGroups>
        </Time>
        <Time Id="We_11">
          <Name>We_11</Name>
          <Day Reference="gr_We"/>
          <TimeGroups>
            <TimeGroup Reference="gr_LastTimes"/>
            <TimeGroup Reference="gr_We_11"/>
          </TimeGroups>
        </Time>
        <Time Id="Th_1">
          <Name>Th_1</Name>
          <Day Reference="gr_Th"/>
          <TimeGroups>
            <TimeGroup Reference="gr_TimesDurationTwo"/>
            <TimeGroup Reference="gr_Th_1"/>
          </TimeGroups>
        </Time>
        <Time Id="Th_2">
          <Name>Th_2</Name>
          <Day Reference="gr_Th"/>
          <TimeGroups>
            <TimeGroup Reference="gr_TimesDurationTwo"/>
            <TimeGroup Reference="gr_Th_2"/>
          </TimeGroups>
        </Time>
        <Time Id="Th_3">
          <Name>Th_3</Name>
          <Day Reference="gr_Th"/>
          <TimeGroups>
            <TimeGroup Reference="gr_TimesDurationTwo"/>
            <TimeGroup Reference="gr_Th_3"/>
          </TimeGroups>
        </Time>
        <Time Id="Th_4">
          <Name>Th_4</Name>
          <Day Reference="gr_Th"/>
          <TimeGroups>
            <TimeGroup Reference="gr_TimesDurationTwo"/>
            <TimeGroup Reference="gr_Th_4"/>
          </TimeGroups>
        </Time>
        <Time Id="Th_5">
          <Name>Th_5</Name>
          <Day Reference="gr_Th"/>
          <TimeGroups>
            <TimeGroup Reference="gr_TimesDurationTwo"/>
            <TimeGroup Reference="gr_Th_5"/>
          </TimeGroups>
        </Time>
        <Time Id="Th_6">
          <Name>Th_6</Name>
          <Day Reference="gr_Th"/>
          <TimeGroups>
            <TimeGroup Reference="gr_TimesDurationTwo"/>
            <TimeGroup Reference="gr_Th_6"/>
          </TimeGroups>
        </Time>
        <Time Id="Th_7">
          <Name>Th_7</Name>
          <Day Reference="gr_Th"/>
          <TimeGroups>
            <TimeGroup Reference="gr_TimesDurationTwo"/>
            <TimeGroup Reference="gr_Th_7"/>
          </TimeGroups>
        </Time>
        <Time Id="Th_8">
          <Name>Th_8</Name>
          <Day Reference="gr_Th"/>
          <TimeGroups>
            <TimeGroup Reference="gr_TimesDurationTwo"/>
            <TimeGroup Reference="gr_Th_8"/>
          </TimeGroups>
        </Time>
        <Time Id="Th_9">
          <Name>Th_9</Name>
          <Day Reference="gr_Th"/>
          <TimeGroups>
            <TimeGroup Reference="gr_TimesDurationTwo"/>
            <TimeGroup Reference="gr_Th_9"/>
          </TimeGroups>
        </Time>
        <Time Id="Th_10">
          <Name>Th_10</Name>
          <Day Reference="gr_Th"/>
          <TimeGroups>
            <TimeGroup Reference="gr_TimesDurationTwo"/>
            <TimeGroup Reference="gr_Th_10"/>
          </TimeGroups>
        </Time>
        <Time Id="Th_11">
          <Name>Th_11</Name>
          <Day Reference="gr_Th"/>
          <TimeGroups>
            <TimeGroup Reference="gr_LastTimes"/>
            <TimeGroup Reference="gr_Th_11"/>
          </TimeGroups>
        </Time>
        <Time Id="Fr_1">
          <Name>Fr_1</Name>
          <Day Reference="gr_Fr"/>
          <TimeGroups>
            <TimeGroup Reference="gr_TimesDurationTwo"/>
            <TimeGroup Reference="gr_Fr_1"/>
          </TimeGroups>
        </Time>
        <Time Id="Fr_2">
          <Name>Fr_2</Name>
          <Day Reference="gr_Fr"/>
          <TimeGroups>
            <TimeGroup Reference="gr_TimesDurationTwo"/>
            <TimeGroup Reference="gr_Fr_2"/>
          </TimeGroups>
        </Time>
        <Time Id="Fr_3">
          <Name>Fr_3</Name>
          <Day Reference="gr_Fr"/>
          <TimeGroups>
            <TimeGroup Reference="gr_TimesDurationTwo"/>
            <TimeGroup Reference="gr_Fr_3"/>
          </TimeGroups>
        </Time>
        <Time Id="Fr_4">
          <Name>Fr_4</Name>
          <Day Reference="gr_Fr"/>
          <TimeGroups>
            <TimeGroup Reference="gr_TimesDurationTwo"/>
            <TimeGroup Reference="gr_Fr_4"/>
          </TimeGroups>
        </Time>
        <Time Id="Fr_5">
          <Name>Fr_5</Name>
          <Day Reference="gr_Fr"/>
          <TimeGroups>
            <TimeGroup Reference="gr_TimesDurationTwo"/>
            <TimeGroup Reference="gr_Fr_5"/>
          </TimeGroups>
        </Time>
        <Time Id="Fr_6">
          <Name>Fr_6</Name>
          <Day Reference="gr_Fr"/>
          <TimeGroups>
            <TimeGroup Reference="gr_TimesDurationTwo"/>
            <TimeGroup Reference="gr_Fr_6"/>
          </TimeGroups>
        </Time>
        <Time Id="Fr_7">
          <Name>Fr_7</Name>
          <Day Reference="gr_Fr"/>
          <TimeGroups>
            <TimeGroup Reference="gr_TimesDurationTwo"/>
            <TimeGroup Reference="gr_Fr_7"/>
          </TimeGroups>
        </Time>
        <Time Id="Fr_8">
          <Name>Fr_8</Name>
          <Day Reference="gr_Fr"/>
          <TimeGroups>
            <TimeGroup Reference="gr_TimesDurationTwo"/>
            <TimeGroup Reference="gr_Fr_8"/>
          </TimeGroups>
        </Time>
        <Time Id="Fr_9">
          <Name>Fr_9</Name>
          <Day Reference="gr_Fr"/>
          <TimeGroups>
            <TimeGroup Reference="gr_TimesDurationTwo"/>
            <TimeGroup Reference="gr_Fr_9"/>
          </TimeGroups>
        </Time>
        <Time Id="Fr_10">
          <Name>Fr_10</Name>
          <Day Reference="gr_Fr"/>
          <TimeGroups>
            <TimeGroup Reference="gr_TimesDurationTwo"/>
            <TimeGroup Reference="gr_Fr_10"/>
          </TimeGroups>
        </Time>
        <Time Id="Fr_11">
          <Name>Fr_11</Name>
          <Day Reference="gr_Fr"/>
          <TimeGroups>
            <TimeGroup Reference="gr_LastTimes"/>
            <TimeGroup Reference="gr_Fr_11"/>
          </TimeGroups>
        </Time>
        <Time Id="Sa_1">
          <Name>Sa_1</Name>
          <Day Reference="gr_Sa"/>
          <TimeGroups>
            <TimeGroup Reference="gr_TimesDurationTwo"/>
            <TimeGroup Reference="gr_Sa_1"/>
          </TimeGroups>
        </Time>
        <Time Id="Sa_2">
          <Name>Sa_2</Name>
          <Day Reference="gr_Sa"/>
          <TimeGroups>
            <TimeGroup Reference="gr_TimesDurationTwo"/>
            <TimeGroup Reference="gr_Sa_2"/>
          </TimeGroups>
        </Time>
        <Time Id="Sa_3">
          <Name>Sa_3</Name>
          <Day Reference="gr_Sa"/>
          <TimeGroups>
            <TimeGroup Reference="gr_TimesDurationTwo"/>
            <TimeGroup Reference="gr_Sa_3"/>
          </TimeGroups>
        </Time>
        <Time Id="Sa_4">
          <Name>Sa_4</Name>
          <Day Reference="gr_Sa"/>
          <TimeGroups>
            <TimeGroup Reference="gr_TimesDurationTwo"/>
            <TimeGroup Reference="gr_Sa_4"/>
          </TimeGroups>
        </Time>
        <Time Id="Sa_5">
          <Name>Sa_5</Name>
          <Day Reference="gr_Sa"/>
          <TimeGroups>
            <TimeGroup Reference="gr_TimesDurationTwo"/>
            <TimeGroup Reference="gr_Sa_5"/>
          </TimeGroups>
        </Time>
        <Time Id="Sa_6">
          <Name>Sa_6</Name>
          <Day Reference="gr_Sa"/>
          <TimeGroups>
            <TimeGroup Reference="gr_TimesDurationTwo"/>
            <TimeGroup Reference="gr_Sa_6"/>
          </TimeGroups>
        </Time>
        <Time Id="Sa_7">
          <Name>Sa_7</Name>
          <Day Reference="gr_Sa"/>
          <TimeGroups>
            <TimeGroup Reference="gr_TimesDurationTwo"/>
            <TimeGroup Reference="gr_Sa_7"/>
          </TimeGroups>
        </Time>
        <Time Id="Sa_8">
          <Name>Sa_8</Name>
          <Day Reference="gr_Sa"/>
          <TimeGroups>
            <TimeGroup Reference="gr_TimesDurationTwo"/>
            <TimeGroup Reference="gr_Sa_8"/>
          </TimeGroups>
        </Time>
        <Time Id="Sa_9">
          <Name>Sa_9</Name>
          <Day Reference="gr_Sa"/>
          <TimeGroups>
            <TimeGroup Reference="gr_TimesDurationTwo"/>
            <TimeGroup Reference="gr_Sa_9"/>
          </TimeGroups>
        </Time>
        <Time Id="Sa_10">
          <Name>Sa_10</Name>
          <Day Reference="gr_Sa"/>
          <TimeGroups>
            <TimeGroup Reference="gr_TimesDurationTwo"/>
            <TimeGroup Reference="gr_Sa_10"/>
          </TimeGroups>
        </Time>
        <Time Id="Sa_11">
          <Name>Sa_11</Name>
          <Day Reference="gr_Sa"/>
          <TimeGroups>
            <TimeGroup Reference="gr_LastTimes"/>
            <TimeGroup Reference="gr_Sa_11"/>
          </TimeGroups>
        </Time>
      </Times>
      <Resources>
        <ResourceTypes>
          <ResourceType Id="Teacher"><Name>Teacher</Name></ResourceType>
          <ResourceType Id="Class"><Name>Class</Name></ResourceType>
        </ResourceTypes>
        <ResourceGroups>
          <ResourceGroup Id="gr_Teachers">
            <Name>allTeachers</Name>
            <ResourceType Reference="Teacher"/>
          </ResourceGroup>
          <ResourceGroup Id="gr_Classes">
            <Name>allClasses</Name>
            <ResourceType Reference="Class"/>
          </ResourceGroup>
        </ResourceGroups>
        <Resource Id="INGL">
          <Name>INGL</Name>
          <ResourceType Reference="Teacher"/>
          <ResourceGroups>
            <ResourceGroup Reference="gr_Teachers"/>
          </ResourceGroups>
        </Resource>
        <Resource Id="LETT">
          <Name>LETT</Name>
          <ResourceType Reference="Teacher"/>
          <ResourceGroups>
            <ResourceGroup Reference="gr_Teachers"/>
          </ResourceGroups>
        </Resource>
        <Resource Id="INFO">
          <Name>INFO</Name>
          <ResourceType Reference="Teacher"/>
          <ResourceGroups>
            <ResourceGroup Reference="gr_Teachers"/>
          </ResourceGroups>
        </Resource>
        <Resource Id="SIST">
          <Name>SIST</Name>
          <ResourceType Reference="Teacher"/>
          <ResourceGroups>
            <ResourceGroup Reference="gr_Teachers"/>
          </ResourceGroups>
        </Resource>
        <Resource Id="MATE">
          <Name>MATE</Name>
          <ResourceType Reference="Teacher"/>
          <ResourceGroups>
            <ResourceGroup Reference="gr_Teachers"/>
          </ResourceGroups>
        </Resource>
        <Resource Id="TELE">
          <Name>TELE</Name>
          <ResourceType Reference="Teacher"/>
          <ResourceGroups>
            <ResourceGroup Reference="gr_Teachers"/>
          </ResourceGroups>
        </Resource>
        <Resource Id="TERZA">
          <Name>TERZA</Name>
          <ResourceType Reference="Class"/>
          <ResourceGroups>
            <ResourceGroup Reference="gr_Classes"/>
          </ResourceGroups>
        </Resource>
        <Resource Id="QUARTA">
          <Name>QUARTA</Name>
          <ResourceType Reference="Class"/>
          <ResourceGroups>
            <ResourceGroup Reference="gr_Classes"/>
          </ResourceGroups>
        </Resource>
        <Resource Id="QUINTA">
          <Name>QUINTA</Name>
          <ResourceType Reference="Class"/>
          <ResourceGroups>
            <ResourceGroup Reference="gr_Classes"/>
          </ResourceGroups>
        </Resource>
      </Resources>
      <Events>
        <EventGroups>
          <Course Id="gr_TERZA_INGL"><Name>TERZA_INGL</Name></Course>
          <Course Id="gr_QUARTA_INGL"><Name>QUARTA_INGL</Name></Course>
          <Course Id="gr_QUINTA_INGL"><Name>QUINTA_INGL</Name></Course>
          <Course Id="gr_TERZA_LETT"><Name>TERZA_LETT</Name></Course>
          <Course Id="gr_QUARTA_LETT"><Name>QUARTA_LETT</Name></Course>
          <Course Id="gr_QUINTA_LETT"><Name>QUINTA_LETT</Name></Course>
          <Course Id="gr_TERZA_INFO"><Name>TERZA_INFO</Name></Course>
          <Course Id="gr_QUARTA_INFO"><Name>QUARTA_INFO</Name></Course>
          <Course Id="gr_QUINTA_INFO"><Name>QUINTA_INFO</Name></Course>
          <Course Id="gr_TERZA_SIST"><Name>TERZA_SIST</Name></Course>
          <Course Id="gr_QUARTA_SIST"><Name>QUARTA_SIST</Name></Course>
          <Course Id="gr_QUINTA_SIST"><Name>QUINTA_SIST</Name></Course>
          <Course Id="gr_TERZA_MATE"><Name>TERZA_MATE</Name></Course>
          <Course Id="gr_QUARTA_MATE"><Name>QUARTA_MATE</Name></Course>
          <Course Id="gr_QUINTA_MATE"><Name>QUINTA_MATE</Name></Course>
          <Course Id="gr_TERZA_TELE"><Name>TERZA_TELE</Name></Course>
          <Course Id="gr_QUARTA_TELE"><Name>QUARTA_TELE</Name></Course>
          <Course Id="gr_QUINTA_TELE"><Name>QUINTA_TELE</Name></Course>
          <EventGroup Id="gr_AllEvents"><Name>AllEvents</Name></EventGroup>
        </EventGroups>
        <Event Id="TERZA_INGL">
          <Name>TERZA_INGL</Name>
          <Duration>11</Duration>
          <Resources>
            <Resource Reference="TERZA">
              <Role>Class</Role>
              <ResourceType Reference="Class"/>
            </Resource>
            <Resource Reference="INGL">
              <Role>Teacher</Role>
              <ResourceType Reference="Teacher"/>
            </Resource>
          </Resources>
          <EventGroups>
            <EventGroup Reference="gr_AllEvents"/>
            <EventGroup Reference="gr_TERZA_INGL"/>
          </EventGroups>
        </Event>
        <Event Id="QUARTA_INGL">
          <Name>QUARTA_INGL</Name>
          <Duration>11</Duration>
          <Resources>
            <Resource Reference="QUARTA">
              <Role>Class</Role>
              <ResourceType Reference="Class"/>
            </Resource>
            <Resource Reference="INGL">
              <Role>Teacher</Role>
              <ResourceType Reference="Teacher"/>
            </Resource>
          </Resources>
          <EventGroups>
            <EventGroup Reference="gr_AllEvents"/>
            <EventGroup Reference="gr_QUARTA_INGL"/>
          </EventGroups>
        </Event>
        <Event Id="QUINTA_INGL">
          <Name>QUINTA_INGL</Name>
          <Duration>11</Duration>
          <Resources>
            <Resource Reference="QUINTA">
              <Role>Class</Role>
              <ResourceType Reference="Class"/>
            </Resource>
            <Resource Reference="INGL">
              <Role>Teacher</Role>
              <ResourceType Reference="Teacher"/>
            </Resource>
          </Resources>
          <EventGroups>
            <EventGroup Reference="gr_AllEvents"/>
            <EventGroup Reference="gr_QUINTA_INGL"/>
          </EventGroups>
        </Event>
        <Event Id="TERZA_LETT">
          <Name>TERZA_LETT</Name>
          <Duration>11</Duration>
          <Resources>
            <Resource Reference="TERZA">
              <Role>Class</Role>
              <ResourceType Reference="Class"/>
            </Resource>
            <Resource Reference="LETT">
              <Role>Teacher</Role>
              <ResourceType Reference="Teacher"/>
            </Resource>
          </Resources>
          <EventGroups>
            <EventGroup Reference="gr_AllEvents"/>
            <EventGroup Reference="gr_TERZA_LETT"/>
          </EventGroups>
        </Event>
        <Event Id="QUARTA_LETT">
          <Name>QUARTA_LETT</Name>
          <Duration>11</Duration>
          <Resources>
            <Resource Reference="QUARTA">
              <Role>Class</Role>
              <ResourceType Reference="Class"/>
            </Resource>
            <Resource Reference="LETT">
              <Role>Teacher</Role>
              <ResourceType Reference="Teacher"/>
            </Resource>
          </Resources>
          <EventGroups>
            <EventGroup Reference="gr_AllEvents"/>
            <EventGroup Reference="gr_QUARTA_LETT"/>
          </EventGroups>
        </Event>
        <Event Id="QUINTA_LETT">
          <Name>QUINTA_LETT</Name>
          <Duration>11</Duration>
          <Resources>
            <Resource Reference="QUINTA">
              <Role>Class</Role>
              <ResourceType Reference="Class"/>
            </Resource>
            <Resource Reference="LETT">
              <Role>Teacher</Role>
              <ResourceType Reference="Teacher"/>
            </Resource>
          </Resources>
          <EventGroups>
            <EventGroup Reference="gr_AllEvents"/>
            <EventGroup Reference="gr_QUINTA_LETT"/>
          </EventGroups>
        </Event>
        <Event Id="TERZA_INFO">
          <Name>TERZA_INFO</Name>
          <Duration>11</Duration>
          <Resources>
            <Resource Reference="TERZA">
              <Role>Class</Role>
              <ResourceType Reference="Class"/>
            </Resource>
            <Resource Reference="INFO">
              <Role>Teacher</Role>
              <ResourceType Reference="Teacher"/>
            </Resource>
          </Resources>
          <EventGroups>
            <EventGroup Reference="gr_AllEvents"/>
            <EventGroup Reference="gr_TERZA_INFO"/>
          </EventGroups>
        </Event>
        <Event Id="QUARTA_INFO">
          <Name>QUARTA_INFO</Name>
          <Duration>11</Duration>
          <Resources>
            <Resource Reference="QUARTA">
              <Role>Class</Role>
              <ResourceType Reference="Class"/>
            </Resource>
            <Resource Reference="INFO">
              <Role>Teacher</Role>
              <ResourceType Reference="Teacher"/>
            </Resource>
          </Resources>
          <EventGroups>
            <EventGroup Reference="gr_AllEvents"/>
            <EventGroup Reference="gr_QUARTA_INFO"/>
          </EventGroups>
        </Event>
        <Event Id="QUINTA_INFO">
          <Name>QUINTA_INFO</Name>
          <Duration>11</Duration>
          <Resources>
            <Resource Reference="QUINTA">
              <Role>Class</Role>
              <ResourceType Reference="Class"/>
            </Resource>
            <Resource Reference="INFO">
              <Role>Teacher</Role>
              <ResourceType Reference="Teacher"/>
            </Resource>
          </Resources>
          <EventGroups>
            <EventGroup Reference="gr_AllEvents"/>
            <EventGroup Reference="gr_QUINTA_INFO"/>
          </EventGroups>
        </Event>
        <Event Id="TERZA_SIST">
          <Name>TERZA_SIST</Name>
          <Duration>11</Duration>
          <Resources>
            <Resource Reference="TERZA">
              <Role>Class</Role>
              <ResourceType Reference="Class"/>
            </Resource>
            <Resource Reference="SIST">
              <Role>Teacher</Role>
              <ResourceType Reference="Teacher"/>
            </Resource>
          </Resources>
          <EventGroups>
            <EventGroup Reference="gr_AllEvents"/>
            <EventGroup Reference="gr_TERZA_SIST"/>
          </EventGroups>
        </Event>
        <Event Id="QUARTA_SIST">
          <Name>QUARTA_SIST</Name>
          <Duration>11</Duration>
          <Resources>
            <Resource Reference="QUARTA">
              <Role>Class</Role>
              <ResourceType Reference="Class"/>
            </Resource>
            <Resource Reference="SIST">
              <Role>Teacher</Role>
              <ResourceType Reference="Teacher"/>
            </Resource>
          </Resources>
          <EventGroups>
            <EventGroup Reference="gr_AllEvents"/>
            <EventGroup Reference="gr_QUARTA_SIST"/>
          </EventGroups>
        </Event>
        <Event Id="QUINTA_SIST">
          <Name>QUINTA_SIST</Name>
          <Duration>11</Duration>
          <Resources>
            <Resource Reference="QUINTA">
              <Role>Class</Role>
              <ResourceType Reference="Class"/>
            </Resource>
            <Resource Reference="SIST">
              <Role>Teacher</Role>
              <ResourceType Reference="Teacher"/>
            </Resource>
          </Resources>
          <EventGroups>
            <EventGroup Reference="gr_AllEvents"/>
            <EventGroup Reference="gr_QUINTA_SIST"/>
          </EventGroups>
        </Event>
        <Event Id="TERZA_MATE">
          <Name>TERZA_MATE</Name>
          <Duration>11</Duration>
          <Resources>
            <Resource Reference="TERZA">
              <Role>Class</Role>
              <ResourceType Reference="Class"/>
            </Resource>
            <Resource Reference="MATE">
              <Role>Teacher</Role>
              <ResourceType Reference="Teacher"/>
            </Resource>
          </Resources>
          <EventGroups>
            <EventGroup Reference="gr_AllEvents"/>
            <EventGroup Reference="gr_TERZA_MATE"/>
          </EventGroups>
        </Event>
        <Event Id="QUARTA_MATE">
          <Name>QUARTA_MATE</Name>
          <Duration>11</Duration>
          <Resources>
            <Resource Reference="QUARTA">
              <Role>Class</Role>
              <ResourceType Reference="Class"/>
            </Resource>
            <Resource Reference="MATE">
              <Role>Teacher</Role>
              <ResourceType Reference="Teacher"/>
            </Resource>
          </Resources>
          <EventGroups>
            <EventGroup Reference="gr_AllEvents"/>
            <EventGroup Reference="gr_QUARTA_MATE"/>
          </EventGroups>
        </Event>
        <Event Id="QUINTA_MATE">
          <Name>QUINTA_MATE</Name>
          <Duration>11</Duration>
          <Resources>
            <Resource Reference="QUINTA">
              <Role>Class</Role>
              <ResourceType Reference="Class"/>
            </Resource>
            <Resource Reference="MATE">
              <Role>Teacher</Role>
              <ResourceType Reference="Teacher"/>
            </Resource>
          </Resources>
          <EventGroups>
            <EventGroup Reference="gr_AllEvents"/>
            <EventGroup Reference="gr_QUINTA_MATE"/>
          </EventGroups>
        </Event>
        <Event Id="TERZA_TELE">
          <Name>TERZA_TELE</Name>
          <Duration>11</Duration>
          <Resources>
            <Resource Reference="TERZA">
              <Role>Class</Role>
              <ResourceType Reference="Class"/>
            </Resource>
            <Resource Reference="TELE">
              <Role>Teacher</Role>
              <ResourceType Reference="Teacher"/>
            </Resource>
          </Resources>
          <EventGroups>
            <EventGroup Reference="gr_AllEvents"/>
            <EventGroup Reference="gr_TERZA_TELE"/>
          </EventGroups>
        </Event>
        <Event Id="QUARTA_TELE">
          <Name>QUARTA_TELE</Name>
          <Duration>11</Duration>
          <Resources>
            <Resource Reference="QUARTA">
              <Role>Class</Role>
              <ResourceType Reference="Class"/>
            </Resource>
            <Resource Reference="TELE">
              <Role>Teacher</Role>
              <ResourceType Reference="Teacher"/>
            </Resource>
          </Resources>
          <EventGroups>
            <EventGroup Reference="gr_AllEvents"/>
            <EventGroup Reference="gr_QUARTA_TELE"/>
          </EventGroups>
        </Event>
        <Event Id="QUINTA_TELE">
          <Name>QUINTA_TELE</Name>
          <Duration>11</Duration>
          <Resources>
            <Resource Reference="QUINTA">
              <Role>Class</Role>
              <ResourceType Reference="Class"/>
            </Resource>
            <Resource Reference="TELE">
              <Role>Teacher</Role>
              <ResourceType Reference="Teacher"/>
            </Resource>
          </Resources>
          <EventGroups>
            <EventGroup Reference="gr_AllEvents"/>
            <EventGroup Reference="gr_QUINTA_TELE"/>
          </EventGroups>
        </Event>
      </Events>
      <Constraints>
        <AssignTimeConstraint Id="AssignTimes_1">
          <Name>AssignTimes</Name>
          <Required>true</Required>
          <Weight>1</Weight>
          <CostFunction>Linear</CostFunction>
          <AppliesTo>
            <EventGroups>
              <EventGroup Reference="gr_AllEvents"/>
            </EventGroups>
          </AppliesTo>
        </AssignTimeConstraint>
        <SplitEventsConstraint Id="SplitEventConstraint_1">
          <Name>Split to duration 2 and 7</Name>
          <Required>true</Required>
          <Weight>1</Weight>
          <CostFunction>Linear</CostFunction>
          <AppliesTo>
            <EventGroups>
              <EventGroup Reference="gr_AllEvents"/>
            </EventGroups>
          </AppliesTo>
          <MinimumDuration>2</MinimumDuration>
          <MaximumDuration>7</MaximumDuration>
          <MinimumAmount>1</MinimumAmount>
          <MaximumAmount>99999</MaximumAmount>
        </SplitEventsConstraint>
        <SpreadEventsConstraint Id="SpreadEvents_1">
          <Name>At most one event per day</Name>
          <Required>true</Required>
          <Weight>1</Weight>
          <CostFunction>Linear</CostFunction>
          <AppliesTo>
            <EventGroups>
              <EventGroup Reference="gr_TERZA_INGL"/>
              <EventGroup Reference="gr_QUARTA_INGL"/>
              <EventGroup Reference="gr_QUINTA_INGL"/>
              <EventGroup Reference="gr_TERZA_LETT"/>
              <EventGroup Reference="gr_QUARTA_LETT"/>
              <EventGroup Reference="gr_QUINTA_LETT"/>
              <EventGroup Reference="gr_TERZA_INFO"/>
              <EventGroup Reference="gr_QUARTA_INFO"/>
              <EventGroup Reference="gr_QUINTA_INFO"/>
              <EventGroup Reference="gr_TERZA_SIST"/>
              <EventGroup Reference="gr_QUARTA_SIST"/>
              <EventGroup Reference="gr_QUINTA_SIST"/>
              <EventGroup Reference="gr_TERZA_MATE"/>
              <EventGroup Reference="gr_QUARTA_MATE"/>
              <EventGroup Reference="gr_QUINTA_MATE"/>
              <EventGroup Reference="gr_TERZA_TELE"/>
              <EventGroup Reference="gr_QUARTA_TELE"/>
              <EventGroup Reference="gr_QUINTA_TELE"/>
            </EventGroups>
          </AppliesTo>
          <TimeGroups>
            <TimeGroup Reference="gr_Mo">
              <Minimum>0</Minimum>
              <Maximum>1</Maximum>
            </TimeGroup>
            <TimeGroup Reference="gr_Tu">
              <Minimum>0</Minimum>
              <Maximum>1</Maximum>
            </TimeGroup>
            <TimeGroup Reference="gr_We">
              <Minimum>0</Minimum>
              <Maximum>1</Maximum>
            </TimeGroup>
            <TimeGroup Reference="gr_Th">
              <Minimum>0</Minimum>
              <Maximum>1</Maximum>
            </TimeGroup>
            <TimeGroup Reference="gr_Fr">
              <Minimum>0</Minimum>
              <Maximum>1</Maximum>
            </TimeGroup>
            <TimeGroup Reference="gr_Sa">
              <Minimum>0</Minimum>
              <Maximum>1</Maximum>
            </TimeGroup>
          </TimeGroups>
        </SpreadEventsConstraint>
        <AvoidClashesConstraint Id="NoResourceClashes_1">
          <Name>NoResourceClashes</Name>
          <Required>true</Required>
          <Weight>1</Weight>
          <CostFunction>Linear</CostFunction>
          <AppliesTo>
            <ResourceGroups>
              <ResourceGroup Reference="gr_Teachers"/>
              <ResourceGroup Reference="gr_Classes"/>
            </ResourceGroups>
          </AppliesTo>
        </AvoidClashesConstraint>
        <AvoidUnavailableTimesConstraint Id="AvoidUnavailableTimes_TERZA">
          <Name>ForbiddenTimesOfTERZA</Name>
          <Required>true</Required>
          <Weight>1</Weight>
          <CostFunction>Linear</CostFunction>
          <AppliesTo>
            <Resources>
              <Resource Reference="TERZA"/>
            </Resources>
          </AppliesTo>
        </AvoidUnavailableTimesConstraint>
        <AvoidUnavailableTimesConstraint Id="AvoidUnavailableTimes_QUARTA">
          <Name>ForbiddenTimesOfQUARTA</Name>
          <Required>true</Required>
          <Weight>1</Weight>
          <CostFunction>Linear</CostFunction>
          <AppliesTo>
            <Resources>
              <Resource Reference="QUARTA"/>
            </Resources>
          </AppliesTo>
        </AvoidUnavailableTimesConstraint>
        <AvoidUnavailableTimesConstraint Id="AvoidUnavailableTimes_QUINTA">
          <Name>ForbiddenTimesOfQUINTA</Name>
          <Required>true</Required>
          <Weight>1</Weight>
          <CostFunction>Linear</CostFunction>
          <AppliesTo>
            <Resources>
              <Resource Reference="QUINTA"/>
            </Resources>
          </AppliesTo>
        </AvoidUnavailableTimesConstraint>
        <AvoidUnavailableTimesConstraint Id="AvoidUnavailableTimes_INGL">
          <Name>ForbiddenTimesOfINGL</Name>
          <Required>true</Required>
          <Weight>1</Weight>
          <CostFunction>Linear</CostFunction>
          <AppliesTo>
            <Resources>
              <Resource Reference="INGL"/>
            </Resources>
          </AppliesTo>
          <Times>
            <Time Reference="Mo_1"/>
            <Time Reference="Mo_2"/>
            <Time Reference="Mo_3"/>
            <Time Reference="Mo_4"/>
            <Time Reference="Mo_5"/>
            <Time Reference="Mo_6"/>
            <Time Reference="Mo_7"/>
            <Time Reference="Mo_8"/>
            <Time Reference="Mo_9"/>
            <Time Reference="Mo_10"/>
            <Time Reference="Mo_11"/>
          </Times>
        </AvoidUnavailableTimesConstraint>
        <AvoidUnavailableTimesConstraint Id="AvoidUnavailableTimes_LETT">
          <Name>ForbiddenTimesOfLETT</Name>
          <Required>true</Required>
          <Weight>1</Weight>
          <CostFunction>Linear</CostFunction>
          <AppliesTo>
            <Resources>
              <Resource Reference="LETT"/>
            </Resources>
          </AppliesTo>
          <Times>
            <Time Reference="Tu_1"/>
            <Time Reference="Tu_2"/>
            <Time Reference="Tu_3"/>
            <Time Reference="Tu_4"/>
            <Time Reference="Tu_5"/>
            <Time Reference="Tu_6"/>
            <Time Reference="Tu_7"/>
            <Time Reference="Tu_8"/>
            <Time Reference="Tu_9"/>
            <Time Reference="Tu_10"/>
            <Time Reference="Tu_11"/>
          </Times>
        </AvoidUnavailableTimesConstraint>
        <AvoidUnavailableTimesConstraint Id="AvoidUnavailableTimes_INFO">
          <Name>ForbiddenTimesOfINFO</Name>
          <Required>true</Required>
          <Weight>1</Weight>
          <CostFunction>Linear</CostFunction>
          <AppliesTo>
            <Resources>
              <Resource Reference="INFO"/>
            </Resources>
          </AppliesTo>
          <Times>
            <Time Reference="We_1"/>
            <Time Reference="We_2"/>
            <Time Reference="We_3"/>
            <Time Reference="We_4"/>
            <Time Reference="We_5"/>
            <Time Reference="We_6"/>
            <Time Reference="We_7"/>
            <Time Reference="We_8"/>
            <Time Reference="We_9"/>
            <Time Reference="We_10"/>
            <Time Reference="We_11"/>
          </Times>
        </AvoidUnavailableTimesConstraint>
        <AvoidUnavailableTimesConstraint Id="AvoidUnavailableTimes_SIST">
          <Name>ForbiddenTimesOfSIST</Name>
          <Required>true</Required>
          <Weight>1</Weight>
          <CostFunction>Linear</CostFunction>
          <AppliesTo>
            <Resources>
              <Resource Reference="SIST"/>
            </Resources>
          </AppliesTo>
          <Times>
            <Time Reference="Th_1"/>
            <Time Reference="Th_2"/>
            <Time Reference="Th_3"/>
            <Time Reference="Th_4"/>
            <Time Reference="Th_5"/>
            <Time Reference="Th_6"/>
            <Time Reference="Th_7"/>
            <Time Reference="Th_8"/>
            <Time Reference="Th_9"/>
            <Time Reference="Th_10"/>
            <Time Reference="Th_11"/>
          </Times>
        </AvoidUnavailableTimesConstraint>
        <AvoidUnavailableTimesConstraint Id="AvoidUnavailableTimes_MATE">
          <Name>ForbiddenTimesOfMATE</Name>
          <Required>true</Required>
          <Weight>1</Weight>
          <CostFunction>Linear</CostFunction>
          <AppliesTo>
            <Resources>
              <Resource Reference="MATE"/>
            </Resources>
          </AppliesTo>
          <Times>
            <Time Reference="Fr_1"/>
            <Time Reference="Fr_2"/>
            <Time Reference="Fr_3"/>
            <Time Reference="Fr_4"/>
            <Time Reference="Fr_5"/>
            <Time Reference="Fr_6"/>
            <Time Reference="Fr_7"/>
            <Time Reference="Fr_8"/>
            <Time Reference="Fr_9"/>
            <Time Reference="Fr_10"/>
            <Time Reference="Fr_11"/>
          </Times>
        </AvoidUnavailableTimesConstraint>
        <AvoidUnavailableTimesConstraint Id="AvoidUnavailableTimes_TELE">
          <Name>ForbiddenTimesOfTELE</Name>
          <Required>true</Required>
          <Weight>1</Weight>
          <CostFunction>Linear</CostFunction>
          <AppliesTo>
            <Resources>
              <Resource Reference="TELE"/>
            </Resources>
          </AppliesTo>
          <Times>
            <Time Reference="Sa_1"/>
            <Time Reference="Sa_2"/>
            <Time Reference="Sa_3"/>
            <Time Reference="Sa_4"/>
            <Time Reference="Sa_5"/>
            <Time Reference="Sa_6"/>
            <Time Reference="Sa_7"/>
            <Time Reference="Sa_8"/>
            <Time Reference="Sa_9"/>
            <Time Reference="Sa_10"/>
            <Time Reference="Sa_11"/>
          </Times>
        </AvoidUnavailableTimesConstraint>
        <LimitIdleTimesConstraint Id="FreePeriodsConstraint_1">
          <Name>No idle times for teachers</Name>
          <Required>false</Required>
          <Weight>100</Weight>
          <CostFunction>Linear</CostFunction>
          <AppliesTo>
            <ResourceGroups>
              <ResourceGroup Reference="gr_Teachers"/>
            </ResourceGroups>
          </AppliesTo>
          <TimeGroups>
            <TimeGroup Reference="gr_Mo"/>
            <TimeGroup Reference="gr_Tu"/>
            <TimeGroup Reference="gr_We"/>
            <TimeGroup Reference="gr_Th"/>
            <TimeGroup Reference="gr_Fr"/>
            <TimeGroup Reference="gr_Sa"/>
          </TimeGroups>
          <Minimum>0</Minimum>
          <Maximum>0</Maximum>
        </LimitIdleTimesConstraint>
        <ClusterBusyTimesConstraint Id="MinMaxNofBusyDayConstraint_INGL">
          <Name>Limit min/max busy days</Name>
          <Required>true</Required>
          <Weight>1</Weight>
          <CostFunction>Linear</CostFunction>
          <AppliesTo>
            <Resources>
              <Resource Reference="INGL"/>
            </Resources>
          </AppliesTo>
          <TimeGroups>
            <TimeGroup Reference="gr_Mo"/>
            <TimeGroup Reference="gr_Tu"/>
            <TimeGroup Reference="gr_We"/>
            <TimeGroup Reference="gr_Th"/>
            <TimeGroup Reference="gr_Fr"/>
            <TimeGroup Reference="gr_Sa"/>
          </TimeGroups>
          <Minimum>5</Minimum>
          <Maximum>5</Maximum>
        </ClusterBusyTimesConstraint>
        <ClusterBusyTimesConstraint Id="MinMaxNofBusyDayConstraint_LETT">
          <Name>Limit min/max busy days</Name>
          <Required>true</Required>
          <Weight>1</Weight>
          <CostFunction>Linear</CostFunction>
          <AppliesTo>
            <Resources>
              <Resource Reference="LETT"/>
            </Resources>
          </AppliesTo>
          <TimeGroups>
            <TimeGroup Reference="gr_Mo"/>
            <TimeGroup Reference="gr_Tu"/>
            <TimeGroup Reference="gr_We"/>
            <TimeGroup Reference="gr_Th"/>
            <TimeGroup Reference="gr_Fr"/>
            <TimeGroup Reference="gr_Sa"/>
          </TimeGroups>
          <Minimum>5</Minimum>
          <Maximum>5</Maximum>
        </ClusterBusyTimesConstraint>
        <ClusterBusyTimesConstraint Id="MinMaxNofBusyDayConstraint_INFO">
          <Name>Limit min/max busy days</Name>
          <Required>true</Required>
          <Weight>1</Weight>
          <CostFunction>Linear</CostFunction>
          <AppliesTo>
            <Resources>
              <Resource Reference="INFO"/>
            </Resources>
          </AppliesTo>
          <TimeGroups>
            <TimeGroup Reference="gr_Mo"/>
            <TimeGroup Reference="gr_Tu"/>
            <TimeGroup Reference="gr_We"/>
            <TimeGroup Reference="gr_Th"/>
            <TimeGroup Reference="gr_Fr"/>
            <TimeGroup Reference="gr_Sa"/>
          </TimeGroups>
          <Minimum>5</Minimum>
          <Maximum>5</Maximum>
        </ClusterBusyTimesConstraint>
        <ClusterBusyTimesConstraint Id="MinMaxNofBusyDayConstraint_SIST">
          <Name>Limit min/max busy days</Name>
          <Required>true</Required>
          <Weight>1</Weight>
          <CostFunction>Linear</CostFunction>
          <AppliesTo>
            <Resources>
              <Resource Reference="SIST"/>
            </Resources>
          </AppliesTo>
          <TimeGroups>
            <TimeGroup Reference="gr_Mo"/>
            <TimeGroup Reference="gr_Tu"/>
            <TimeGroup Reference="gr_We"/>
            <TimeGroup Reference="gr_Th"/>
            <TimeGroup Reference="gr_Fr"/>
            <TimeGroup Reference="gr_Sa"/>
          </TimeGroups>
          <Minimum>5</Minimum>
          <Maximum>5</Maximum>
        </ClusterBusyTimesConstraint>
        <ClusterBusyTimesConstraint Id="MinMaxNofBusyDayConstraint_MATE">
          <Name>Limit min/max busy days</Name>
          <Required>true</Required>
          <Weight>1</Weight>
          <CostFunction>Linear</CostFunction>
          <AppliesTo>
            <Resources>
              <Resource Reference="MATE"/>
            </Resources>
          </AppliesTo>
          <TimeGroups>
            <TimeGroup Reference="gr_Mo"/>
            <TimeGroup Reference="gr_Tu"/>
            <TimeGroup Reference="gr_We"/>
            <TimeGroup Reference="gr_Th"/>
            <TimeGroup Reference="gr_Fr"/>
            <TimeGroup Reference="gr_Sa"/>
          </TimeGroups>
          <Minimum>5</Minimum>
          <Maximum>5</Maximum>
        </ClusterBusyTimesConstraint>
        <ClusterBusyTimesConstraint Id="MinMaxNofBusyDayConstraint_TELE">
          <Name>Limit min/max busy days</Name>
          <Required>true</Required>
          <Weight>1</Weight>
          <CostFunction>Linear</CostFunction>
          <AppliesTo>
            <Resources>
              <Resource Reference="TELE"/>
            </Resources>
          </AppliesTo>
          <TimeGroups>
            <TimeGroup Reference="gr_Mo"/>
            <TimeGroup Reference="gr_Tu"/>
            <TimeGroup Reference="gr_We"/>
            <TimeGroup Reference="gr_Th"/>
            <TimeGroup Reference="gr_Fr"/>
            <TimeGroup Reference="gr_Sa"/>
          </TimeGroups>
          <Minimum>5</Minimum>
          <Maximum>5</Maximum>
        </ClusterBusyTimesConstraint>
        <LimitBusyTimesConstraint Id="MinMaxNofHoursPerDayConstraint_INGL">
          <Name>Limit min/max teachers&apos; lessons per day</Name>
          <Required>true</Required>
          <Weight>1</Weight>
          <CostFunction>Linear</CostFunction>
          <AppliesTo>
            <Resources>
              <Resource Reference="INGL"/>
            </Resources>
          </AppliesTo>
          <TimeGroups>
            <TimeGroup Reference="gr_Mo"/>
            <TimeGroup Reference="gr_Tu"/>
            <TimeGroup Reference="gr_We"/>
            <TimeGroup Reference="gr_Th"/>
            <TimeGroup Reference="gr_Fr"/>
            <TimeGroup Reference="gr_Sa"/>
          </TimeGroups>
          <Minimum>3</Minimum>
          <Maximum>10</Maximum>
        </LimitBusyTimesConstraint>
        <LimitBusyTimesConstraint Id="MinMaxNofHoursPerDayConstraint_LETT">
          <Name>Limit min/max teachers&apos; lessons per day</Name>
          <Required>true</Required>
          <Weight>1</Weight>
          <CostFunction>Linear</CostFunction>
          <AppliesTo>
            <Resources>
              <Resource Reference="LETT"/>
            </Resources>
          </AppliesTo>
          <TimeGroups>
            <TimeGroup Reference="gr_Mo"/>
            <TimeGroup Reference="gr_Tu"/>
            <TimeGroup Reference="gr_We"/>
            <TimeGroup Reference="gr_Th"/>
            <TimeGroup Reference="gr_Fr"/>
            <TimeGroup Reference="gr_Sa"/>
          </TimeGroups>
          <Minimum>3</Minimum>
          <Maximum>10</Maximum>
        </LimitBusyTimesConstraint>
        <LimitBusyTimesConstraint Id="MinMaxNofHoursPerDayConstraint_INFO">
          <Name>Limit min/max teachers&apos; lessons per day</Name>
          <Required>true</Required>
          <Weight>1</Weight>
          <CostFunction>Linear</CostFunction>
          <AppliesTo>
            <Resources>
              <Resource Reference="INFO"/>
            </Resources>
          </AppliesTo>
          <TimeGroups>
            <TimeGroup Reference="gr_Mo"/>
            <TimeGroup Reference="gr_Tu"/>
            <TimeGroup Reference="gr_We"/>
            <TimeGroup Reference="gr_Th"/>
            <TimeGroup Reference="gr_Fr"/>
            <TimeGroup Reference="gr_Sa"/>
          </TimeGroups>
          <Minimum>3</Minimum>
          <Maximum>10</Maximum>
        </LimitBusyTimesConstraint>
        <LimitBusyTimesConstraint Id="MinMaxNofHoursPerDayConstraint_SIST">
          <Name>Limit min/max teachers&apos; lessons per day</Name>
          <Required>true</Required>
          <Weight>1</Weight>
          <CostFunction>Linear</CostFunction>
          <AppliesTo>
            <Resources>
              <Resource Reference="SIST"/>
            </Resources>
          </AppliesTo>
          <TimeGroups>
            <TimeGroup Reference="gr_Mo"/>
            <TimeGroup Reference="gr_Tu"/>
            <TimeGroup Reference="gr_We"/>
            <TimeGroup Reference="gr_Th"/>
            <TimeGroup Reference="gr_Fr"/>
            <TimeGroup Reference="gr_Sa"/>
          </TimeGroups>
          <Minimum>3</Minimum>
          <Maximum>10</Maximum>
        </LimitBusyTimesConstraint>
        <LimitBusyTimesConstraint Id="MinMaxNofHoursPerDayConstraint_MATE">
          <Name>Limit min/max teachers&apos; lessons per day</Name>
          <Required>true</Required>
          <Weight>1</Weight>
          <CostFunction>Linear</CostFunction>
          <AppliesTo>
            <Resources>
              <Resource Reference="MATE"/>
            </Resources>
          </AppliesTo>
          <TimeGroups>
            <TimeGroup Reference="gr_Mo"/>
            <TimeGroup Reference="gr_Tu"/>
            <TimeGroup Reference="gr_We"/>
            <TimeGroup Reference="gr_Th"/>
            <TimeGroup Reference="gr_Fr"/>
            <TimeGroup Reference="gr_Sa"/>
          </TimeGroups>
          <Minimum>3</Minimum>
          <Maximum>10</Maximum>
        </LimitBusyTimesConstraint>
        <LimitBusyTimesConstraint Id="MinMaxNofHoursPerDayConstraint_TELE">
          <Name>Limit min/max teachers&apos; lessons per day</Name>
          <Required>true</Required>
          <Weight>1</Weight>
          <CostFunction>Linear</CostFunction>
          <AppliesTo>
            <Resources>
              <Resource Reference="TELE"/>
            </Resources>
          </AppliesTo>
          <TimeGroups>
            <TimeGroup Reference="gr_Mo"/>
            <TimeGroup Reference="gr_Tu"/>
            <TimeGroup Reference="gr_We"/>
            <TimeGroup Reference="gr_Th"/>
            <TimeGroup Reference="gr_Fr"/>
            <TimeGroup Reference="gr_Sa"/>
          </TimeGroups>
          <Minimum>3</Minimum>
          <Maximum>10</Maximum>
        </LimitBusyTimesConstraint>
      </Constraints>
    </Instance>
  </Instances>
  <SolutionGroups>
    <SolutionGroup Id="KHE_2016_02_06">
      <MetaData>
        <Contributor>Jeffrey H. Kingston</Contributor>
        <Date>21 January 2022</Date>
        <Description>Produced by KHE Version 2016_02_06</Description>
      </MetaData>
      <Solution Reference="I5-TAB6">
        <RunningTime>5.2</RunningTime>
        <Events>
          <Event Reference="TERZA_INGL">
            <Duration>2</Duration>
            <Time Reference="Tu_11"/>
          </Event>
          <Event Reference="TERZA_INGL">
            <Duration>2</Duration>
            <Time Reference="We_10"/>
          </Event>
          <Event Reference="TERZA_INGL">
            <Duration>3</Duration>
            <Time Reference="Th_11"/>
          </Event>
          <Event Reference="TERZA_INGL">
            <Duration>2</Duration>
            <Time Reference="Fr_7"/>
          </Event>
          <Event Reference="TERZA_INGL">
            <Duration>2</Duration>
            <Time Reference="Sa_8"/>
          </Event>
          <Event Reference="QUARTA_INGL">
            <Duration>2</Duration>
            <Time Reference="Tu_7"/>
          </Event>
          <Event Reference="QUARTA_INGL">
            <Duration>2</Duration>
            <Time Reference="We_4"/>
          </Event>
          <Event Reference="QUARTA_INGL">
            <Duration>3</Duration>
            <Time Reference="Th_3"/>
          </Event>
          <Event Reference="QUARTA_INGL">
            <Duration>2</Duration>
            <Time Reference="Fr_11"/>
          </Event>
          <Event Reference="QUARTA_INGL">
            <Duration>2</Duration>
            <Time Reference="Sa_10"/>
          </Event>
          <Event Reference="QUINTA_INGL">
            <Duration>2</Duration>
            <Time Reference="Tu_9"/>
          </Event>
          <Event Reference="QUINTA_INGL">
            <Duration>2</Duration>
            <Time Reference="We_2"/>
          </Event>
          <Event Reference="QUINTA_INGL">
            <Duration>2</Duration>
            <Time Reference="Th_1"/>
          </Event>
          <Event Reference="QUINTA_INGL">
            <Duration>3</Duration>
            <Time Reference="Fr_3"/>
          </Event>
          <Event Reference="QUINTA_INGL">
            <Duration>2</Duration>
            <Time Reference="Sa_3"/>
          </Event>
          <Event Reference="TERZA_LETT">
            <Duration>2</Duration>
            <Time Reference="Mo_9"/>
          </Event>
          <Event Reference="TERZA_LETT">
            <Duration>2</Duration>
            <Time Reference="We_4"/>
          </Event>
          <Event Reference="TERZA_LETT">
            <Duration>3</Duration>
            <Time Reference="Th_8"/>
          </Event>
          <Event Reference="TERZA_LETT">
            <Duration>2</Duration>
            <Time Reference="Fr_3"/>
          </Event>
          <Event Reference="TERZA_LETT">
            <Duration>2</Duration>
            <Time Reference="Sa_2"/>
          </Event>
          <Event Reference="QUARTA_LETT">
            <Duration>2</Duration>
            <Time Reference="Mo_4"/>
          </Event>
          <Event Reference="QUARTA_LETT">
            <Duration>3</Duration>
            <Time Reference="We_1"/>
          </Event>
          <Event Reference="QUARTA_LETT">
            <Duration>2</Duration>
            <Time Reference="Th_6"/>
          </Event>
          <Event Reference="QUARTA_LETT">
            <Duration>2</Duration>
            <Time Reference="Fr_5"/>
          </Event>
          <Event Reference="QUARTA_LETT">
            <Duration>2</Duration>
            <Time Reference="Sa_4"/>
          </Event>
          <Event Reference="QUINTA_LETT">
            <Duration>2</Duration>
            <Time Reference="Mo_6"/>
          </Event>
          <Event Reference="QUINTA_LETT">
            <Duration>2</Duration>
            <Time Reference="We_6"/>
          </Event>
          <Event Reference="QUINTA_LETT">
            <Duration>3</Duration>
            <Time Reference="Th_11"/>
          </Event>
          <Event Reference="QUINTA_LETT">
            <Duration>2</Duration>
            <Time Reference="Fr_8"/>
          </Event>
          <Event Reference="QUINTA_LETT">
            <Duration>2</Duration>
            <Time Reference="Sa_7"/>
          </Event>
          <Event Reference="TERZA_INFO">
            <Duration>3</Duration>
            <Time Reference="Mo_1"/>
          </Event>
          <Event Reference="TERZA_INFO">
            <Duration>2</Duration>
            <Time Reference="Tu_3"/>
          </Event>
          <Event Reference="TERZA_INFO">
            <Duration>2</Duration>
            <Time Reference="Th_6"/>
          </Event>
          <Event Reference="TERZA_INFO">
            <Duration>2</Duration>
            <Time Reference="Fr_9"/>
          </Event>
          <Event Reference="TERZA_INFO">
            <Duration>2</Duration>
            <Time Reference="Sa_10"/>
          </Event>
          <Event Reference="QUARTA_INFO">
            <Duration>2</Duration>
            <Time Reference="Mo_8"/>
          </Event>
          <Event Reference="QUARTA_INFO">
            <Duration>2</Duration>
            <Time Reference="Tu_5"/>
          </Event>
          <Event Reference="QUARTA_INFO">
            <Duration>3</Duration>
            <Time Reference="Th_11"/>
          </Event>
          <Event Reference="QUARTA_INFO">
            <Duration>2</Duration>
            <Time Reference="Fr_3"/>
          </Event>
          <Event Reference="QUARTA_INFO">
            <Duration>2</Duration>
            <Time Reference="Sa_8"/>
          </Event>
          <Event Reference="QUINTA_INFO">
            <Duration>2</Duration>
            <Time Reference="Mo_10"/>
          </Event>
          <Event Reference="QUINTA_INFO">
            <Duration>2</Duration>
            <Time Reference="Tu_1"/>
          </Event>
          <Event Reference="QUINTA_INFO">
            <Duration>3</Duration>
            <Time Reference="Th_8"/>
          </Event>
          <Event Reference="QUINTA_INFO">
            <Duration>2</Duration>
            <Time Reference="Fr_6"/>
          </Event>
          <Event Reference="QUINTA_INFO">
            <Duration>2</Duration>
            <Time Reference="Sa_5"/>
          </Event>
          <Event Reference="TERZA_SIST">
            <Duration>3</Duration>
            <Time Reference="Mo_11"/>
          </Event>
          <Event Reference="TERZA_SIST">
            <Duration>2</Duration>
            <Time Reference="Tu_9"/>
          </Event>
          <Event Reference="TERZA_SIST">
            <Duration>2</Duration>
            <Time Reference="We_2"/>
          </Event>
          <Event Reference="TERZA_SIST">
            <Duration>2</Duration>
            <Time Reference="Fr_11"/>
          </Event>
          <Event Reference="TERZA_SIST">
            <Duration>2</Duration>
            <Time Reference="Sa_6"/>
          </Event>
          <Event Reference="QUARTA_SIST">
            <Duration>3</Duration>
            <Time Reference="Mo_1"/>
          </Event>
          <Event Reference="QUARTA_SIST">
            <Duration>2</Duration>
            <Time Reference="Tu_3"/>
          </Event>
          <Event Reference="QUARTA_SIST">
            <Duration>2</Duration>
            <Time Reference="We_8"/>
          </Event>
          <Event Reference="QUARTA_SIST">
            <Duration>2</Duration>
            <Time Reference="Fr_9"/>
          </Event>
          <Event Reference="QUARTA_SIST">
            <Duration>2</Duration>
            <Time Reference="Sa_2"/>
          </Event>
          <Event Reference="QUINTA_SIST">
            <Duration>2</Duration>
            <Time Reference="Mo_8"/>
          </Event>
          <Event Reference="QUINTA_SIST">
            <Duration>2</Duration>
            <Time Reference="Tu_7"/>
          </Event>
          <Event Reference="QUINTA_SIST">
            <Duration>2</Duration>
            <Time Reference="Tu_11"/>
          </Event>
          <Event Reference="QUINTA_SIST">
            <Duration>2</Duration>
            <Time Reference="We_4"/>
          </Event>
          <Event Reference="QUINTA_SIST">
            <Duration>3</Duration>
            <Time Reference="Sa_9"/>
          </Event>
          <Event Reference="TERZA_MATE">
            <Duration>2</Duration>
            <Time Reference="Mo_4"/>
          </Event>
          <Event Reference="TERZA_MATE">
            <Duration>2</Duration>
            <Time Reference="Tu_7"/>
          </Event>
          <Event Reference="TERZA_MATE">
            <Duration>2</Duration>
            <Time Reference="We_8"/>
          </Event>
          <Event Reference="TERZA_MATE">
            <Duration>3</Duration>
            <Time Reference="Th_3"/>
          </Event>
          <Event Reference="TERZA_MATE">
            <Duration>2</Duration>
            <Time Reference="Sa_4"/>
          </Event>
          <Event Reference="QUARTA_MATE">
            <Duration>2</Duration>
            <Time Reference="Mo_6"/>
          </Event>
          <Event Reference="QUARTA_MATE">
            <Duration>3</Duration>
            <Time Reference="Tu_9"/>
          </Event>
          <Event Reference="QUARTA_MATE">
            <Duration>2</Duration>
            <Time Reference="We_6"/>
          </Event>
          <Event Reference="QUARTA_MATE">
            <Duration>2</Duration>
            <Time Reference="Th_1"/>
          </Event>
          <Event Reference="QUARTA_MATE">
            <Duration>2</Duration>
            <Time Reference="Sa_6"/>
          </Event>
          <Event Reference="QUINTA_MATE">
            <Duration>3</Duration>
            <Time Reference="Mo_1"/>
          </Event>
          <Event Reference="QUINTA_MATE">
            <Duration>2</Duration>
            <Time Reference="Tu_5"/>
          </Event>
          <Event Reference="QUINTA_MATE">
            <Duration>2</Duration>
            <Time Reference="We_10"/>
          </Event>
          <Event Reference="QUINTA_MATE">
            <Duration>2</Duration>
            <Time Reference="Th_6"/>
          </Event>
          <Event Reference="QUINTA_MATE">
            <Duration>2</Duration>
            <Time Reference="Sa_1"/>
          </Event>
          <Event Reference="TERZA_TELE">
            <Duration>3</Duration>
            <Time Reference="Mo_6"/>
          </Event>
          <Event Reference="TERZA_TELE">
            <Duration>2</Duration>
            <Time Reference="Tu_5"/>
          </Event>
          <Event Reference="TERZA_TELE">
            <Duration>2</Duration>
            <Time Reference="We_6"/>
          </Event>
          <Event Reference="TERZA_TELE">
            <Duration>2</Duration>
            <Time Reference="Th_1"/>
          </Event>
          <Event Reference="TERZA_TELE">
            <Duration>2</Duration>
            <Time Reference="Fr_5"/>
          </Event>
          <Event Reference="QUARTA_TELE">
            <Duration>2</Duration>
            <Time Reference="Mo_10"/>
          </Event>
          <Event Reference="QUARTA_TELE">
            <Duration>2</Duration>
            <Time Reference="Tu_1"/>
          </Event>
          <Event Reference="QUARTA_TELE">
            <Duration>2</Duration>
            <Time Reference="We_10"/>
          </Event>
          <Event Reference="QUARTA_TELE">
            <Duration>3</Duration>
            <Time Reference="Th_8"/>
          </Event>
          <Event Reference="QUARTA_TELE">
            <Duration>2</Duration>
            <Time Reference="Fr_7"/>
          </Event>
          <Event Reference="QUINTA_TELE">
            <Duration>2</Duration>
            <Time Reference="Mo_4"/>
          </Event>
          <Event Reference="QUINTA_TELE">
            <Duration>2</Duration>
            <Time Reference="Tu_3"/>
          </Event>
          <Event Reference="QUINTA_TELE">
            <Duration>2</Duration>
            <Time Reference="We_8"/>
          </Event>
          <Event Reference="QUINTA_TELE">
            <Duration>3</Duration>
            <Time Reference="Th_3"/>
          </Event>
          <Event Reference="QUINTA_TELE">
            <Duration>2</Duration>
            <Time Reference="Fr_10"/>
          </Event>
        </Events>
        <Report>
          <InfeasibilityValue>1</InfeasibilityValue>
          <ObjectiveValue>4300</ObjectiveValue>
          <Resources>
            <Resource Reference="INGL">
              <Constraint Reference="FreePeriodsConstraint_1">
                <Cost>1600</Cost>
              </Constraint>
            </Resource>
            <Resource Reference="LETT">
              <Constraint Reference="FreePeriodsConstraint_1">
                <Cost>300</Cost>
              </Constraint>
            </Resource>
            <Resource Reference="INFO">
              <Constraint Reference="FreePeriodsConstraint_1">
                <Cost>700</Cost>
              </Constraint>
            </Resource>
            <Resource Reference="SIST">
              <Constraint Reference="FreePeriodsConstraint_1">
                <Cost>1200</Cost>
              </Constraint>
            </Resource>
            <Resource Reference="MATE">
              <Constraint Reference="FreePeriodsConstraint_1">
                <Cost>100</Cost>
              </Constraint>
            </Resource>
            <Resource Reference="TELE">
              <Constraint Reference="FreePeriodsConstraint_1">
                <Cost>400</Cost>
              </Constraint>
            </Resource>
          </Resources>
          <EventGroups>
            <EventGroup Reference="gr_QUINTA_SIST">
              <Constraint Reference="SpreadEvents_1">
                <Cost>1</Cost>
              </Constraint>
            </EventGroup>
          </EventGroups>
        </Report>
      </Solution>
    </SolutionGroup>
  </SolutionGroups>
</HighSchoolTimetableArchive>
