<HighSchoolTimetableArchive>
  <Instances>
    <Instance Id="I4-TAB6">
      <MetaData>
        <Name>I4-TAB6</Name>
        <Contributor>Claudio Crobu</Contributor>
        <Date>01/15/2022 16:11:04 562</Date>
        <Country>Italy</Country>
        <Description>Dataset created automatically by IHSTP OPL model</Description>
      </MetaData>
      <Times>
        <TimeGroups>
          <Day Id="gr_Mo">
            <Name>Mo</Name>
          </Day>
          <Day Id="gr_Tu">
            <Name>Tu</Name>
          </Day>
          <Day Id="gr_We">
            <Name>We</Name>
          </Day>
          <Day Id="gr_Th">
            <Name>Th</Name>
          </Day>
          <Day Id="gr_Fr">
            <Name>Fr</Name>
          </Day>
          <Day Id="gr_Sa">
            <Name>Sa</Name>
          </Day>
          <TimeGroup Id="gr_TimesDurationTwo">
            <Name>TimesDurationTwo</Name>
          </TimeGroup>
          <TimeGroup Id="gr_LastTimes">
            <Name>Last times of day</Name>
          </TimeGroup>
          <TimeGroup Id="gr_Mo_1">
            <Name>Mo_1</Name>
          </TimeGroup>
          <TimeGroup Id="gr_Mo_2">
            <Name>Mo_2</Name>
          </TimeGroup>
          <TimeGroup Id="gr_Mo_3">
            <Name>Mo_3</Name>
          </TimeGroup>
          <TimeGroup Id="gr_Mo_4">
            <Name>Mo_4</Name>
          </TimeGroup>
          <TimeGroup Id="gr_Mo_5">
            <Name>Mo_5</Name>
          </TimeGroup>
          <TimeGroup Id="gr_Mo_6">
            <Name>Mo_6</Name>
          </TimeGroup>
          <TimeGroup Id="gr_Tu_1">
            <Name>Tu_1</Name>
          </TimeGroup>
          <TimeGroup Id="gr_Tu_2">
            <Name>Tu_2</Name>
          </TimeGroup>
          <TimeGroup Id="gr_Tu_3">
            <Name>Tu_3</Name>
          </TimeGroup>
          <TimeGroup Id="gr_Tu_4">
            <Name>Tu_4</Name>
          </TimeGroup>
          <TimeGroup Id="gr_Tu_5">
            <Name>Tu_5</Name>
          </TimeGroup>
          <TimeGroup Id="gr_Tu_6">
            <Name>Tu_6</Name>
          </TimeGroup>
          <TimeGroup Id="gr_We_1">
            <Name>We_1</Name>
          </TimeGroup>
          <TimeGroup Id="gr_We_2">
            <Name>We_2</Name>
          </TimeGroup>
          <TimeGroup Id="gr_We_3">
            <Name>We_3</Name>
          </TimeGroup>
          <TimeGroup Id="gr_We_4">
            <Name>We_4</Name>
          </TimeGroup>
          <TimeGroup Id="gr_We_5">
            <Name>We_5</Name>
          </TimeGroup>
          <TimeGroup Id="gr_We_6">
            <Name>We_6</Name>
          </TimeGroup>
          <TimeGroup Id="gr_Th_1">
            <Name>Th_1</Name>
          </TimeGroup>
          <TimeGroup Id="gr_Th_2">
            <Name>Th_2</Name>
          </TimeGroup>
          <TimeGroup Id="gr_Th_3">
            <Name>Th_3</Name>
          </TimeGroup>
          <TimeGroup Id="gr_Th_4">
            <Name>Th_4</Name>
          </TimeGroup>
          <TimeGroup Id="gr_Th_5">
            <Name>Th_5</Name>
          </TimeGroup>
          <TimeGroup Id="gr_Th_6">
            <Name>Th_6</Name>
          </TimeGroup>
          <TimeGroup Id="gr_Fr_1">
            <Name>Fr_1</Name>
          </TimeGroup>
          <TimeGroup Id="gr_Fr_2">
            <Name>Fr_2</Name>
          </TimeGroup>
          <TimeGroup Id="gr_Fr_3">
            <Name>Fr_3</Name>
          </TimeGroup>
          <TimeGroup Id="gr_Fr_4">
            <Name>Fr_4</Name>
          </TimeGroup>
          <TimeGroup Id="gr_Fr_5">
            <Name>Fr_5</Name>
          </TimeGroup>
          <TimeGroup Id="gr_Fr_6">
            <Name>Fr_6</Name>
          </TimeGroup>
          <TimeGroup Id="gr_Sa_1">
            <Name>Sa_1</Name>
          </TimeGroup>
          <TimeGroup Id="gr_Sa_2">
            <Name>Sa_2</Name>
          </TimeGroup>
          <TimeGroup Id="gr_Sa_3">
            <Name>Sa_3</Name>
          </TimeGroup>
          <TimeGroup Id="gr_Sa_4">
            <Name>Sa_4</Name>
          </TimeGroup>
          <TimeGroup Id="gr_Sa_5">
            <Name>Sa_5</Name>
          </TimeGroup>
          <TimeGroup Id="gr_Sa_6">
            <Name>Sa_6</Name>
          </TimeGroup>
        </TimeGroups>
        <Time Id="Mo_1">
          <Name>Mo_1</Name>
          <Day Reference="gr_Mo"/>
          <TimeGroups>
            <TimeGroup Reference="gr_Mo_1"/>
            <TimeGroup Reference="gr_TimesDurationTwo"/>
          </TimeGroups>
        </Time>
        <Time Id="Mo_2">
          <Name>Mo_2</Name>
          <Day Reference="gr_Mo"/>
          <TimeGroups>
            <TimeGroup Reference="gr_Mo_2"/>
            <TimeGroup Reference="gr_TimesDurationTwo"/>
          </TimeGroups>
        </Time>
        <Time Id="Mo_3">
          <Name>Mo_3</Name>
          <Day Reference="gr_Mo"/>
          <TimeGroups>
            <TimeGroup Reference="gr_Mo_3"/>
            <TimeGroup Reference="gr_TimesDurationTwo"/>
          </TimeGroups>
        </Time>
        <Time Id="Mo_4">
          <Name>Mo_4</Name>
          <Day Reference="gr_Mo"/>
          <TimeGroups>
            <TimeGroup Reference="gr_Mo_4"/>
            <TimeGroup Reference="gr_TimesDurationTwo"/>
          </TimeGroups>
        </Time>
        <Time Id="Mo_5">
          <Name>Mo_5</Name>
          <Day Reference="gr_Mo"/>
          <TimeGroups>
            <TimeGroup Reference="gr_Mo_5"/>
            <TimeGroup Reference="gr_TimesDurationTwo"/>
          </TimeGroups>
        </Time>
        <Time Id="Mo_6">
          <Name>Mo_6</Name>
          <Day Reference="gr_Mo"/>
          <TimeGroups>
            <TimeGroup Reference="gr_Mo_6"/>
            <TimeGroup Reference="gr_LastTimes"/>
          </TimeGroups>
        </Time>
        <Time Id="Tu_1">
          <Name>Tu_1</Name>
          <Day Reference="gr_Tu"/>
          <TimeGroups>
            <TimeGroup Reference="gr_Tu_1"/>
            <TimeGroup Reference="gr_TimesDurationTwo"/>
          </TimeGroups>
        </Time>
        <Time Id="Tu_2">
          <Name>Tu_2</Name>
          <Day Reference="gr_Tu"/>
          <TimeGroups>
            <TimeGroup Reference="gr_Tu_2"/>
            <TimeGroup Reference="gr_TimesDurationTwo"/>
          </TimeGroups>
        </Time>
        <Time Id="Tu_3">
          <Name>Tu_3</Name>
          <Day Reference="gr_Tu"/>
          <TimeGroups>
            <TimeGroup Reference="gr_Tu_3"/>
            <TimeGroup Reference="gr_TimesDurationTwo"/>
          </TimeGroups>
        </Time>
        <Time Id="Tu_4">
          <Name>Tu_4</Name>
          <Day Reference="gr_Tu"/>
          <TimeGroups>
            <TimeGroup Reference="gr_Tu_4"/>
            <TimeGroup Reference="gr_TimesDurationTwo"/>
          </TimeGroups>
        </Time>
        <Time Id="Tu_5">
          <Name>Tu_5</Name>
          <Day Reference="gr_Tu"/>
          <TimeGroups>
            <TimeGroup Reference="gr_Tu_5"/>
            <TimeGroup Reference="gr_TimesDurationTwo"/>
          </TimeGroups>
        </Time>
        <Time Id="Tu_6">
          <Name>Tu_6</Name>
          <Day Reference="gr_Tu"/>
          <TimeGroups>
            <TimeGroup Reference="gr_Tu_6"/>
            <TimeGroup Reference="gr_LastTimes"/>
          </TimeGroups>
        </Time>
        <Time Id="We_1">
          <Name>We_1</Name>
          <Day Reference="gr_We"/>
          <TimeGroups>
            <TimeGroup Reference="gr_We_1"/>
            <TimeGroup Reference="gr_TimesDurationTwo"/>
          </TimeGroups>
        </Time>
        <Time Id="We_2">
          <Name>We_2</Name>
          <Day Reference="gr_We"/>
          <TimeGroups>
            <TimeGroup Reference="gr_We_2"/>
            <TimeGroup Reference="gr_TimesDurationTwo"/>
          </TimeGroups>
        </Time>
        <Time Id="We_3">
          <Name>We_3</Name>
          <Day Reference="gr_We"/>
          <TimeGroups>
            <TimeGroup Reference="gr_We_3"/>
            <TimeGroup Reference="gr_TimesDurationTwo"/>
          </TimeGroups>
        </Time>
        <Time Id="We_4">
          <Name>We_4</Name>
          <Day Reference="gr_We"/>
          <TimeGroups>
            <TimeGroup Reference="gr_We_4"/>
            <TimeGroup Reference="gr_TimesDurationTwo"/>
          </TimeGroups>
        </Time>
        <Time Id="We_5">
          <Name>We_5</Name>
          <Day Reference="gr_We"/>
          <TimeGroups>
            <TimeGroup Reference="gr_We_5"/>
            <TimeGroup Reference="gr_TimesDurationTwo"/>
          </TimeGroups>
        </Time>
        <Time Id="We_6">
          <Name>We_6</Name>
          <Day Reference="gr_We"/>
          <TimeGroups>
            <TimeGroup Reference="gr_We_6"/>
            <TimeGroup Reference="gr_LastTimes"/>
          </TimeGroups>
        </Time>
        <Time Id="Th_1">
          <Name>Th_1</Name>
          <Day Reference="gr_Th"/>
          <TimeGroups>
            <TimeGroup Reference="gr_Th_1"/>
            <TimeGroup Reference="gr_TimesDurationTwo"/>
          </TimeGroups>
        </Time>
        <Time Id="Th_2">
          <Name>Th_2</Name>
          <Day Reference="gr_Th"/>
          <TimeGroups>
            <TimeGroup Reference="gr_Th_2"/>
            <TimeGroup Reference="gr_TimesDurationTwo"/>
          </TimeGroups>
        </Time>
        <Time Id="Th_3">
          <Name>Th_3</Name>
          <Day Reference="gr_Th"/>
          <TimeGroups>
            <TimeGroup Reference="gr_Th_3"/>
            <TimeGroup Reference="gr_TimesDurationTwo"/>
          </TimeGroups>
        </Time>
        <Time Id="Th_4">
          <Name>Th_4</Name>
          <Day Reference="gr_Th"/>
          <TimeGroups>
            <TimeGroup Reference="gr_Th_4"/>
            <TimeGroup Reference="gr_TimesDurationTwo"/>
          </TimeGroups>
        </Time>
        <Time Id="Th_5">
          <Name>Th_5</Name>
          <Day Reference="gr_Th"/>
          <TimeGroups>
            <TimeGroup Reference="gr_Th_5"/>
            <TimeGroup Reference="gr_TimesDurationTwo"/>
          </TimeGroups>
        </Time>
        <Time Id="Th_6">
          <Name>Th_6</Name>
          <Day Reference="gr_Th"/>
          <TimeGroups>
            <TimeGroup Reference="gr_Th_6"/>
            <TimeGroup Reference="gr_LastTimes"/>
          </TimeGroups>
        </Time>
        <Time Id="Fr_1">
          <Name>Fr_1</Name>
          <Day Reference="gr_Fr"/>
          <TimeGroups>
            <TimeGroup Reference="gr_Fr_1"/>
            <TimeGroup Reference="gr_TimesDurationTwo"/>
          </TimeGroups>
        </Time>
        <Time Id="Fr_2">
          <Name>Fr_2</Name>
          <Day Reference="gr_Fr"/>
          <TimeGroups>
            <TimeGroup Reference="gr_Fr_2"/>
            <TimeGroup Reference="gr_TimesDurationTwo"/>
          </TimeGroups>
        </Time>
        <Time Id="Fr_3">
          <Name>Fr_3</Name>
          <Day Reference="gr_Fr"/>
          <TimeGroups>
            <TimeGroup Reference="gr_Fr_3"/>
            <TimeGroup Reference="gr_TimesDurationTwo"/>
          </TimeGroups>
        </Time>
        <Time Id="Fr_4">
          <Name>Fr_4</Name>
          <Day Reference="gr_Fr"/>
          <TimeGroups>
            <TimeGroup Reference="gr_Fr_4"/>
            <TimeGroup Reference="gr_TimesDurationTwo"/>
          </TimeGroups>
        </Time>
        <Time Id="Fr_5">
          <Name>Fr_5</Name>
          <Day Reference="gr_Fr"/>
          <TimeGroups>
            <TimeGroup Reference="gr_Fr_5"/>
            <TimeGroup Reference="gr_TimesDurationTwo"/>
          </TimeGroups>
        </Time>
        <Time Id="Fr_6">
          <Name>Fr_6</Name>
          <Day Reference="gr_Fr"/>
          <TimeGroups>
            <TimeGroup Reference="gr_Fr_6"/>
            <TimeGroup Reference="gr_LastTimes"/>
          </TimeGroups>
        </Time>
        <Time Id="Sa_1">
          <Name>Sa_1</Name>
          <Day Reference="gr_Sa"/>
          <TimeGroups>
            <TimeGroup Reference="gr_Sa_1"/>
            <TimeGroup Reference="gr_TimesDurationTwo"/>
          </TimeGroups>
        </Time>
        <Time Id="Sa_2">
          <Name>Sa_2</Name>
          <Day Reference="gr_Sa"/>
          <TimeGroups>
            <TimeGroup Reference="gr_Sa_2"/>
            <TimeGroup Reference="gr_TimesDurationTwo"/>
          </TimeGroups>
        </Time>
        <Time Id="Sa_3">
          <Name>Sa_3</Name>
          <Day Reference="gr_Sa"/>
          <TimeGroups>
            <TimeGroup Reference="gr_Sa_3"/>
            <TimeGroup Reference="gr_TimesDurationTwo"/>
          </TimeGroups>
        </Time>
        <Time Id="Sa_4">
          <Name>Sa_4</Name>
          <Day Reference="gr_Sa"/>
          <TimeGroups>
            <TimeGroup Reference="gr_Sa_4"/>
            <TimeGroup Reference="gr_TimesDurationTwo"/>
          </TimeGroups>
        </Time>
        <Time Id="Sa_5">
          <Name>Sa_5</Name>
          <Day Reference="gr_Sa"/>
          <TimeGroups>
            <TimeGroup Reference="gr_Sa_5"/>
            <TimeGroup Reference="gr_TimesDurationTwo"/>
          </TimeGroups>
        </Time>
        <Time Id="Sa_6">
          <Name>Sa_6</Name>
          <Day Reference="gr_Sa"/>
          <TimeGroups>
            <TimeGroup Reference="gr_Sa_6"/>
            <TimeGroup Reference="gr_LastTimes"/>
          </TimeGroups>
        </Time>
      </Times>
      <Resources>
        <ResourceTypes>
          <ResourceType Id="Teacher">
            <Name>Teacher</Name>
          </ResourceType>
          <ResourceType Id="Class">
            <Name>Class</Name>
          </ResourceType>
        </ResourceTypes>
        <ResourceGroups>
          <ResourceGroup Id="gr_Teachers">
            <Name>allTeachers</Name>
            <ResourceType Reference="Teacher"/>
          </ResourceGroup>
          <ResourceGroup Id="gr_Classes">
            <Name>allClasses</Name>
            <ResourceType Reference="Class"/>
          </ResourceGroup>
        </ResourceGroups>
        <Resource Id="ING1">
          <Name>ING1</Name>
          <ResourceType Reference="Teacher"/>
          <ResourceGroups>
            <ResourceGroup Reference="gr_Teachers"/>
          </ResourceGroups>
        </Resource>
        <Resource Id="LET1">
          <Name>LET1</Name>
          <ResourceType Reference="Teacher"/>
          <ResourceGroups>
            <ResourceGroup Reference="gr_Teachers"/>
          </ResourceGroups>
        </Resource>
        <Resource Id="INF1">
          <Name>INF1</Name>
          <ResourceType Reference="Teacher"/>
          <ResourceGroups>
            <ResourceGroup Reference="gr_Teachers"/>
          </ResourceGroups>
        </Resource>
        <Resource Id="SIS1">
          <Name>SIS1</Name>
          <ResourceType Reference="Teacher"/>
          <ResourceGroups>
            <ResourceGroup Reference="gr_Teachers"/>
          </ResourceGroups>
        </Resource>
        <Resource Id="MAT1">
          <Name>MAT1</Name>
          <ResourceType Reference="Teacher"/>
          <ResourceGroups>
            <ResourceGroup Reference="gr_Teachers"/>
          </ResourceGroups>
        </Resource>
        <Resource Id="TEL1">
          <Name>TEL1</Name>
          <ResourceType Reference="Teacher"/>
          <ResourceGroups>
            <ResourceGroup Reference="gr_Teachers"/>
          </ResourceGroups>
        </Resource>
        <Resource Id="LET2">
          <Name>LET2</Name>
          <ResourceType Reference="Teacher"/>
          <ResourceGroups>
            <ResourceGroup Reference="gr_Teachers"/>
          </ResourceGroups>
        </Resource>
        <Resource Id="INF2">
          <Name>INF2</Name>
          <ResourceType Reference="Teacher"/>
          <ResourceGroups>
            <ResourceGroup Reference="gr_Teachers"/>
          </ResourceGroups>
        </Resource>
        <Resource Id="SIS2">
          <Name>SIS2</Name>
          <ResourceType Reference="Teacher"/>
          <ResourceGroups>
            <ResourceGroup Reference="gr_Teachers"/>
          </ResourceGroups>
        </Resource>
        <Resource Id="MAT2">
          <Name>MAT2</Name>
          <ResourceType Reference="Teacher"/>
          <ResourceGroups>
            <ResourceGroup Reference="gr_Teachers"/>
          </ResourceGroups>
        </Resource>
        <Resource Id="TEL2">
          <Name>TEL2</Name>
          <ResourceType Reference="Teacher"/>
          <ResourceGroups>
            <ResourceGroup Reference="gr_Teachers"/>
          </ResourceGroups>
        </Resource>
        <Resource Id="C3A">
          <Name>C3A</Name>
          <ResourceType Reference="Class"/>
          <ResourceGroups>
            <ResourceGroup Reference="gr_Classes"/>
          </ResourceGroups>
        </Resource>
        <Resource Id="C4A">
          <Name>C4A</Name>
          <ResourceType Reference="Class"/>
          <ResourceGroups>
            <ResourceGroup Reference="gr_Classes"/>
          </ResourceGroups>
        </Resource>
        <Resource Id="C5A">
          <Name>C5A</Name>
          <ResourceType Reference="Class"/>
          <ResourceGroups>
            <ResourceGroup Reference="gr_Classes"/>
          </ResourceGroups>
        </Resource>
        <Resource Id="C3B">
          <Name>C3B</Name>
          <ResourceType Reference="Class"/>
          <ResourceGroups>
            <ResourceGroup Reference="gr_Classes"/>
          </ResourceGroups>
        </Resource>
        <Resource Id="C4B">
          <Name>C4B</Name>
          <ResourceType Reference="Class"/>
          <ResourceGroups>
            <ResourceGroup Reference="gr_Classes"/>
          </ResourceGroups>
        </Resource>
        <Resource Id="C5B">
          <Name>C5B</Name>
          <ResourceType Reference="Class"/>
          <ResourceGroups>
            <ResourceGroup Reference="gr_Classes"/>
          </ResourceGroups>
        </Resource>
      </Resources>
      <Events>
        <EventGroups>
          <Course Id="gr_C3A_C3B_ING1">
            <Name>C3A_C3B_ING1</Name>
          </Course>
          <Course Id="gr_C4A_C4B_ING1">
            <Name>C4A_C4B_ING1</Name>
          </Course>
          <Course Id="gr_C5A_C5B_ING1">
            <Name>C5A_C5B_ING1</Name>
          </Course>
          <Course Id="gr_C3A_LET1">
            <Name>C3A_LET1</Name>
          </Course>
          <Course Id="gr_C4A_LET1">
            <Name>C4A_LET1</Name>
          </Course>
          <Course Id="gr_C5A_LET1">
            <Name>C5A_LET1</Name>
          </Course>
          <Course Id="gr_C3A_INF1">
            <Name>C3A_INF1</Name>
          </Course>
          <Course Id="gr_C4A_INF1">
            <Name>C4A_INF1</Name>
          </Course>
          <Course Id="gr_C5A_INF1">
            <Name>C5A_INF1</Name>
          </Course>
          <Course Id="gr_C3A_SIS1">
            <Name>C3A_SIS1</Name>
          </Course>
          <Course Id="gr_C4A_SIS1">
            <Name>C4A_SIS1</Name>
          </Course>
          <Course Id="gr_C5A_SIS1">
            <Name>C5A_SIS1</Name>
          </Course>
          <Course Id="gr_C3A_MAT1">
            <Name>C3A_MAT1</Name>
          </Course>
          <Course Id="gr_C4A_MAT1">
            <Name>C4A_MAT1</Name>
          </Course>
          <Course Id="gr_C5A_MAT1">
            <Name>C5A_MAT1</Name>
          </Course>
          <Course Id="gr_C3A_TEL1">
            <Name>C3A_TEL1</Name>
          </Course>
          <Course Id="gr_C4A_TEL1">
            <Name>C4A_TEL1</Name>
          </Course>
          <Course Id="gr_C5A_TEL1">
            <Name>C5A_TEL1</Name>
          </Course>
          <Course Id="gr_C3B_LET2">
            <Name>C3B_LET2</Name>
          </Course>
          <Course Id="gr_C4B_LET2">
            <Name>C4B_LET2</Name>
          </Course>
          <Course Id="gr_C5B_LET2">
            <Name>C5B_LET2</Name>
          </Course>
          <Course Id="gr_C3B_INF2">
            <Name>C3B_INF2</Name>
          </Course>
          <Course Id="gr_C4B_INF2">
            <Name>C4B_INF2</Name>
          </Course>
          <Course Id="gr_C5B_INF2">
            <Name>C5B_INF2</Name>
          </Course>
          <Course Id="gr_C3B_SIS2">
            <Name>C3B_SIS2</Name>
          </Course>
          <Course Id="gr_C4B_SIS2">
            <Name>C4B_SIS2</Name>
          </Course>
          <Course Id="gr_C5B_SIS2">
            <Name>C5B_SIS2</Name>
          </Course>
          <Course Id="gr_C3B_MAT2">
            <Name>C3B_MAT2</Name>
          </Course>
          <Course Id="gr_C4B_MAT2">
            <Name>C4B_MAT2</Name>
          </Course>
          <Course Id="gr_C5B_MAT2">
            <Name>C5B_MAT2</Name>
          </Course>
          <Course Id="gr_C3B_TEL2">
            <Name>C3B_TEL2</Name>
          </Course>
          <Course Id="gr_C4B_TEL2">
            <Name>C4B_TEL2</Name>
          </Course>
          <Course Id="gr_C5B_TEL2">
            <Name>C5B_TEL2</Name>
          </Course>
          <EventGroup Id="gr_AllEvents">
            <Name>AllEvents</Name>
          </EventGroup>
        </EventGroups>
        <Event Id="C3A_C3B_ING1">
          <Name>C3A_C3B_ING1</Name>
          <Duration>6</Duration>
          <Course Reference="gr_C3A_C3B_ING1"/>
          <Resources>
            <Resource Reference="C3A">
              <Role>Class</Role>
              <ResourceType Reference="Class"/>
            </Resource>
            <Resource Reference="C3B">
              <Role>Class2</Role>
              <ResourceType Reference="Class"/>
            </Resource>
            <Resource Reference="ING1">
              <Role>Teacher</Role>
              <ResourceType Reference="Teacher"/>
            </Resource>
          </Resources>
          <EventGroups>
            <EventGroup Reference="gr_AllEvents"/>
          </EventGroups>
        </Event>
        <Event Id="C4A_C4B_ING1">
          <Name>C4A_C4B_ING1</Name>
          <Duration>6</Duration>
          <Course Reference="gr_C4A_C4B_ING1"/>
          <Resources>
            <Resource Reference="C4A">
              <Role>Class</Role>
              <ResourceType Reference="Class"/>
            </Resource>
            <Resource Reference="C4B">
              <Role>Class2</Role>
              <ResourceType Reference="Class"/>
            </Resource>
            <Resource Reference="ING1">
              <Role>Teacher</Role>
              <ResourceType Reference="Teacher"/>
            </Resource>
          </Resources>
          <EventGroups>
            <EventGroup Reference="gr_AllEvents"/>
          </EventGroups>
        </Event>
        <Event Id="C5A_C5B_ING1">
          <Name>C5A_C5B_ING1</Name>
          <Duration>6</Duration>
          <Course Reference="gr_C5A_C5B_ING1"/>
          <Resources>
            <Resource Reference="C5A">
              <Role>Class</Role>
              <ResourceType Reference="Class"/>
            </Resource>
            <Resource Reference="C5B">
              <Role>Class2</Role>
              <ResourceType Reference="Class"/>
            </Resource>
            <Resource Reference="ING1">
              <Role>Teacher</Role>
              <ResourceType Reference="Teacher"/>
            </Resource>
          </Resources>
          <EventGroups>
            <EventGroup Reference="gr_AllEvents"/>
          </EventGroups>
        </Event>
        <Event Id="C3A_LET1">
          <Name>C3A_LET1</Name>
          <Duration>6</Duration>
          <Course Reference="gr_C3A_LET1"/>
          <Resources>
            <Resource Reference="C3A">
              <Role>Class</Role>
              <ResourceType Reference="Class"/>
            </Resource>
            <Resource Reference="LET1">
              <Role>Teacher</Role>
              <ResourceType Reference="Teacher"/>
            </Resource>
          </Resources>
          <EventGroups>
            <EventGroup Reference="gr_AllEvents"/>
          </EventGroups>
        </Event>
        <Event Id="C4A_LET1">
          <Name>C4A_LET1</Name>
          <Duration>6</Duration>
          <Course Reference="gr_C4A_LET1"/>
          <Resources>
            <Resource Reference="C4A">
              <Role>Class</Role>
              <ResourceType Reference="Class"/>
            </Resource>
            <Resource Reference="LET1">
              <Role>Teacher</Role>
              <ResourceType Reference="Teacher"/>
            </Resource>
          </Resources>
          <EventGroups>
            <EventGroup Reference="gr_AllEvents"/>
          </EventGroups>
        </Event>
        <Event Id="C5A_LET1">
          <Name>C5A_LET1</Name>
          <Duration>6</Duration>
          <Course Reference="gr_C5A_LET1"/>
          <Resources>
            <Resource Reference="C5A">
              <Role>Class</Role>
              <ResourceType Reference="Class"/>
            </Resource>
            <Resource Reference="LET1">
              <Role>Teacher</Role>
              <ResourceType Reference="Teacher"/>
            </Resource>
          </Resources>
          <EventGroups>
            <EventGroup Reference="gr_AllEvents"/>
          </EventGroups>
        </Event>
        <Event Id="C3A_INF1">
          <Name>C3A_INF1</Name>
          <Duration>6</Duration>
          <Course Reference="gr_C3A_INF1"/>
          <Resources>
            <Resource Reference="C3A">
              <Role>Class</Role>
              <ResourceType Reference="Class"/>
            </Resource>
            <Resource Reference="INF1">
              <Role>Teacher</Role>
              <ResourceType Reference="Teacher"/>
            </Resource>
          </Resources>
          <EventGroups>
            <EventGroup Reference="gr_AllEvents"/>
          </EventGroups>
        </Event>
        <Event Id="C4A_INF1">
          <Name>C4A_INF1</Name>
          <Duration>6</Duration>
          <Course Reference="gr_C4A_INF1"/>
          <Resources>
            <Resource Reference="C4A">
              <Role>Class</Role>
              <ResourceType Reference="Class"/>
            </Resource>
            <Resource Reference="INF1">
              <Role>Teacher</Role>
              <ResourceType Reference="Teacher"/>
            </Resource>
          </Resources>
          <EventGroups>
            <EventGroup Reference="gr_AllEvents"/>
          </EventGroups>
        </Event>
        <Event Id="C5A_INF1">
          <Name>C5A_INF1</Name>
          <Duration>6</Duration>
          <Course Reference="gr_C5A_INF1"/>
          <Resources>
            <Resource Reference="C5A">
              <Role>Class</Role>
              <ResourceType Reference="Class"/>
            </Resource>
            <Resource Reference="INF1">
              <Role>Teacher</Role>
              <ResourceType Reference="Teacher"/>
            </Resource>
          </Resources>
          <EventGroups>
            <EventGroup Reference="gr_AllEvents"/>
          </EventGroups>
        </Event>
        <Event Id="C3A_SIS1">
          <Name>C3A_SIS1</Name>
          <Duration>6</Duration>
          <Course Reference="gr_C3A_SIS1"/>
          <Resources>
            <Resource Reference="C3A">
              <Role>Class</Role>
              <ResourceType Reference="Class"/>
            </Resource>
            <Resource Reference="SIS1">
              <Role>Teacher</Role>
              <ResourceType Reference="Teacher"/>
            </Resource>
          </Resources>
          <EventGroups>
            <EventGroup Reference="gr_AllEvents"/>
          </EventGroups>
        </Event>
        <Event Id="C4A_SIS1">
          <Name>C4A_SIS1</Name>
          <Duration>6</Duration>
          <Course Reference="gr_C4A_SIS1"/>
          <Resources>
            <Resource Reference="C4A">
              <Role>Class</Role>
              <ResourceType Reference="Class"/>
            </Resource>
            <Resource Reference="SIS1">
              <Role>Teacher</Role>
              <ResourceType Reference="Teacher"/>
            </Resource>
          </Resources>
          <EventGroups>
            <EventGroup Reference="gr_AllEvents"/>
          </EventGroups>
        </Event>
        <Event Id="C5A_SIS1">
          <Name>C5A_SIS1</Name>
          <Duration>6</Duration>
          <Course Reference="gr_C5A_SIS1"/>
          <Resources>
            <Resource Reference="C5A">
              <Role>Class</Role>
              <ResourceType Reference="Class"/>
            </Resource>
            <Resource Reference="SIS1">
              <Role>Teacher</Role>
              <ResourceType Reference="Teacher"/>
            </Resource>
          </Resources>
          <EventGroups>
            <EventGroup Reference="gr_AllEvents"/>
          </EventGroups>
        </Event>
        <Event Id="C3A_MAT1">
          <Name>C3A_MAT1</Name>
          <Duration>6</Duration>
          <Course Reference="gr_C3A_MAT1"/>
          <Resources>
            <Resource Reference="C3A">
              <Role>Class</Role>
              <ResourceType Reference="Class"/>
            </Resource>
            <Resource Reference="MAT1">
              <Role>Teacher</Role>
              <ResourceType Reference="Teacher"/>
            </Resource>
          </Resources>
          <EventGroups>
            <EventGroup Reference="gr_AllEvents"/>
          </EventGroups>
        </Event>
        <Event Id="C4A_MAT1">
          <Name>C4A_MAT1</Name>
          <Duration>6</Duration>
          <Course Reference="gr_C4A_MAT1"/>
          <Resources>
            <Resource Reference="C4A">
              <Role>Class</Role>
              <ResourceType Reference="Class"/>
            </Resource>
            <Resource Reference="MAT1">
              <Role>Teacher</Role>
              <ResourceType Reference="Teacher"/>
            </Resource>
          </Resources>
          <EventGroups>
            <EventGroup Reference="gr_AllEvents"/>
          </EventGroups>
        </Event>
        <Event Id="C5A_MAT1">
          <Name>C5A_MAT1</Name>
          <Duration>6</Duration>
          <Course Reference="gr_C5A_MAT1"/>
          <Resources>
            <Resource Reference="C5A">
              <Role>Class</Role>
              <ResourceType Reference="Class"/>
            </Resource>
            <Resource Reference="MAT1">
              <Role>Teacher</Role>
              <ResourceType Reference="Teacher"/>
            </Resource>
          </Resources>
          <EventGroups>
            <EventGroup Reference="gr_AllEvents"/>
          </EventGroups>
        </Event>
        <Event Id="C3A_TEL1">
          <Name>C3A_TEL1</Name>
          <Duration>6</Duration>
          <Course Reference="gr_C3A_TEL1"/>
          <Resources>
            <Resource Reference="C3A">
              <Role>Class</Role>
              <ResourceType Reference="Class"/>
            </Resource>
            <Resource Reference="TEL1">
              <Role>Teacher</Role>
              <ResourceType Reference="Teacher"/>
            </Resource>
          </Resources>
          <EventGroups>
            <EventGroup Reference="gr_AllEvents"/>
          </EventGroups>
        </Event>
        <Event Id="C4A_TEL1">
          <Name>C4A_TEL1</Name>
          <Duration>6</Duration>
          <Course Reference="gr_C4A_TEL1"/>
          <Resources>
            <Resource Reference="C4A">
              <Role>Class</Role>
              <ResourceType Reference="Class"/>
            </Resource>
            <Resource Reference="TEL1">
              <Role>Teacher</Role>
              <ResourceType Reference="Teacher"/>
            </Resource>
          </Resources>
          <EventGroups>
            <EventGroup Reference="gr_AllEvents"/>
          </EventGroups>
        </Event>
        <Event Id="C5A_TEL1">
          <Name>C5A_TEL1</Name>
          <Duration>6</Duration>
          <Course Reference="gr_C5A_TEL1"/>
          <Resources>
            <Resource Reference="C5A">
              <Role>Class</Role>
              <ResourceType Reference="Class"/>
            </Resource>
            <Resource Reference="TEL1">
              <Role>Teacher</Role>
              <ResourceType Reference="Teacher"/>
            </Resource>
          </Resources>
          <EventGroups>
            <EventGroup Reference="gr_AllEvents"/>
          </EventGroups>
        </Event>
        <Event Id="C3B_LET2">
          <Name>C3B_LET2</Name>
          <Duration>6</Duration>
          <Course Reference="gr_C3B_LET2"/>
          <Resources>
            <Resource Reference="C3B">
              <Role>Class</Role>
              <ResourceType Reference="Class"/>
            </Resource>
            <Resource Reference="LET2">
              <Role>Teacher</Role>
              <ResourceType Reference="Teacher"/>
            </Resource>
          </Resources>
          <EventGroups>
            <EventGroup Reference="gr_AllEvents"/>
          </EventGroups>
        </Event>
        <Event Id="C4B_LET2">
          <Name>C4B_LET2</Name>
          <Duration>6</Duration>
          <Course Reference="gr_C4B_LET2"/>
          <Resources>
            <Resource Reference="C4B">
              <Role>Class</Role>
              <ResourceType Reference="Class"/>
            </Resource>
            <Resource Reference="LET2">
              <Role>Teacher</Role>
              <ResourceType Reference="Teacher"/>
            </Resource>
          </Resources>
          <EventGroups>
            <EventGroup Reference="gr_AllEvents"/>
          </EventGroups>
        </Event>
        <Event Id="C5B_LET2">
          <Name>C5B_LET2</Name>
          <Duration>6</Duration>
          <Course Reference="gr_C5B_LET2"/>
          <Resources>
            <Resource Reference="C5B">
              <Role>Class</Role>
              <ResourceType Reference="Class"/>
            </Resource>
            <Resource Reference="LET2">
              <Role>Teacher</Role>
              <ResourceType Reference="Teacher"/>
            </Resource>
          </Resources>
          <EventGroups>
            <EventGroup Reference="gr_AllEvents"/>
          </EventGroups>
        </Event>
        <Event Id="C3B_INF2">
          <Name>C3B_INF2</Name>
          <Duration>6</Duration>
          <Course Reference="gr_C3B_INF2"/>
          <Resources>
            <Resource Reference="C3B">
              <Role>Class</Role>
              <ResourceType Reference="Class"/>
            </Resource>
            <Resource Reference="INF2">
              <Role>Teacher</Role>
              <ResourceType Reference="Teacher"/>
            </Resource>
          </Resources>
          <EventGroups>
            <EventGroup Reference="gr_AllEvents"/>
          </EventGroups>
        </Event>
        <Event Id="C4B_INF2">
          <Name>C4B_INF2</Name>
          <Duration>6</Duration>
          <Course Reference="gr_C4B_INF2"/>
          <Resources>
            <Resource Reference="C4B">
              <Role>Class</Role>
              <ResourceType Reference="Class"/>
            </Resource>
            <Resource Reference="INF2">
              <Role>Teacher</Role>
              <ResourceType Reference="Teacher"/>
            </Resource>
          </Resources>
          <EventGroups>
            <EventGroup Reference="gr_AllEvents"/>
          </EventGroups>
        </Event>
        <Event Id="C5B_INF2">
          <Name>C5B_INF2</Name>
          <Duration>6</Duration>
          <Course Reference="gr_C5B_INF2"/>
          <Resources>
            <Resource Reference="C5B">
              <Role>Class</Role>
              <ResourceType Reference="Class"/>
            </Resource>
            <Resource Reference="INF2">
              <Role>Teacher</Role>
              <ResourceType Reference="Teacher"/>
            </Resource>
          </Resources>
          <EventGroups>
            <EventGroup Reference="gr_AllEvents"/>
          </EventGroups>
        </Event>
        <Event Id="C3B_SIS2">
          <Name>C3B_SIS2</Name>
          <Duration>6</Duration>
          <Course Reference="gr_C3B_SIS2"/>
          <Resources>
            <Resource Reference="C3B">
              <Role>Class</Role>
              <ResourceType Reference="Class"/>
            </Resource>
            <Resource Reference="SIS2">
              <Role>Teacher</Role>
              <ResourceType Reference="Teacher"/>
            </Resource>
          </Resources>
          <EventGroups>
            <EventGroup Reference="gr_AllEvents"/>
          </EventGroups>
        </Event>
        <Event Id="C4B_SIS2">
          <Name>C4B_SIS2</Name>
          <Duration>6</Duration>
          <Course Reference="gr_C4B_SIS2"/>
          <Resources>
            <Resource Reference="C4B">
              <Role>Class</Role>
              <ResourceType Reference="Class"/>
            </Resource>
            <Resource Reference="SIS2">
              <Role>Teacher</Role>
              <ResourceType Reference="Teacher"/>
            </Resource>
          </Resources>
          <EventGroups>
            <EventGroup Reference="gr_AllEvents"/>
          </EventGroups>
        </Event>
        <Event Id="C5B_SIS2">
          <Name>C5B_SIS2</Name>
          <Duration>6</Duration>
          <Course Reference="gr_C5B_SIS2"/>
          <Resources>
            <Resource Reference="C5B">
              <Role>Class</Role>
              <ResourceType Reference="Class"/>
            </Resource>
            <Resource Reference="SIS2">
              <Role>Teacher</Role>
              <ResourceType Reference="Teacher"/>
            </Resource>
          </Resources>
          <EventGroups>
            <EventGroup Reference="gr_AllEvents"/>
          </EventGroups>
        </Event>
        <Event Id="C3B_MAT2">
          <Name>C3B_MAT2</Name>
          <Duration>6</Duration>
          <Course Reference="gr_C3B_MAT2"/>
          <Resources>
            <Resource Reference="C3B">
              <Role>Class</Role>
              <ResourceType Reference="Class"/>
            </Resource>
            <Resource Reference="MAT2">
              <Role>Teacher</Role>
              <ResourceType Reference="Teacher"/>
            </Resource>
          </Resources>
          <EventGroups>
            <EventGroup Reference="gr_AllEvents"/>
          </EventGroups>
        </Event>
        <Event Id="C4B_MAT2">
          <Name>C4B_MAT2</Name>
          <Duration>6</Duration>
          <Course Reference="gr_C4B_MAT2"/>
          <Resources>
            <Resource Reference="C4B">
              <Role>Class</Role>
              <ResourceType Reference="Class"/>
            </Resource>
            <Resource Reference="MAT2">
              <Role>Teacher</Role>
              <ResourceType Reference="Teacher"/>
            </Resource>
          </Resources>
          <EventGroups>
            <EventGroup Reference="gr_AllEvents"/>
          </EventGroups>
        </Event>
        <Event Id="C5B_MAT2">
          <Name>C5B_MAT2</Name>
          <Duration>6</Duration>
          <Course Reference="gr_C5B_MAT2"/>
          <Resources>
            <Resource Reference="C5B">
              <Role>Class</Role>
              <ResourceType Reference="Class"/>
            </Resource>
            <Resource Reference="MAT2">
              <Role>Teacher</Role>
              <ResourceType Reference="Teacher"/>
            </Resource>
          </Resources>
          <EventGroups>
            <EventGroup Reference="gr_AllEvents"/>
          </EventGroups>
        </Event>
        <Event Id="C3B_TEL2">
          <Name>C3B_TEL2</Name>
          <Duration>6</Duration>
          <Course Reference="gr_C3B_TEL2"/>
          <Resources>
            <Resource Reference="C3B">
              <Role>Class</Role>
              <ResourceType Reference="Class"/>
            </Resource>
            <Resource Reference="TEL2">
              <Role>Teacher</Role>
              <ResourceType Reference="Teacher"/>
            </Resource>
          </Resources>
          <EventGroups>
            <EventGroup Reference="gr_AllEvents"/>
          </EventGroups>
        </Event>
        <Event Id="C4B_TEL2">
          <Name>C4B_TEL2</Name>
          <Duration>6</Duration>
          <Course Reference="gr_C4B_TEL2"/>
          <Resources>
            <Resource Reference="C4B">
              <Role>Class</Role>
              <ResourceType Reference="Class"/>
            </Resource>
            <Resource Reference="TEL2">
              <Role>Teacher</Role>
              <ResourceType Reference="Teacher"/>
            </Resource>
          </Resources>
          <EventGroups>
            <EventGroup Reference="gr_AllEvents"/>
          </EventGroups>
        </Event>
        <Event Id="C5B_TEL2">
          <Name>C5B_TEL2</Name>
          <Duration>6</Duration>
          <Course Reference="gr_C5B_TEL2"/>
          <Resources>
            <Resource Reference="C5B">
              <Role>Class</Role>
              <ResourceType Reference="Class"/>
            </Resource>
            <Resource Reference="TEL2">
              <Role>Teacher</Role>
              <ResourceType Reference="Teacher"/>
            </Resource>
          </Resources>
          <EventGroups>
            <EventGroup Reference="gr_AllEvents"/>
          </EventGroups>
        </Event>
      </Events>

      <Constraints>

        <AssignTimeConstraint Id="AssignTimes_1">
          <Name>AssignTimes</Name>
          <Required>true</Required>
          <Weight>1</Weight>
          <CostFunction>Linear</CostFunction>
          <AppliesTo>
            <EventGroups>
              <EventGroup Reference="gr_AllEvents"/>
            </EventGroups>
          </AppliesTo>
        </AssignTimeConstraint>


        <SplitEventsConstraint Id="SplitEventConstraint_1">
          <Name>Split to duration 1 and 2</Name>
          <Required>true</Required>
          <Weight>1</Weight>
          <CostFunction>Linear</CostFunction>
          <AppliesTo>
            <EventGroups>
              <EventGroup Reference="gr_AllEvents"/>
            </EventGroups>
          </AppliesTo>
          <MinimumDuration>1</MinimumDuration>
          <MaximumDuration>2</MaximumDuration>
          <MinimumAmount>1</MinimumAmount>
          <MaximumAmount>37</MaximumAmount>
        </SplitEventsConstraint>

        <SpreadEventsConstraint Id="SpreadEvents_1">
          <Name>At most one event per day</Name>
          <Required>true</Required>
          <Weight>1</Weight>
          <CostFunction>Linear</CostFunction>
          <AppliesTo>
            <EventGroups>
              <EventGroup Reference="gr_C3A_C3B_ING1"/> 
              <EventGroup Reference="gr_C4A_C4B_ING1"/> 
              <EventGroup Reference="gr_C5A_C5B_ING1"/> 
              <EventGroup Reference="gr_C3A_LET1"/> 
              <EventGroup Reference="gr_C4A_LET1"/> 
              <EventGroup Reference="gr_C5A_LET1"/> 
              <EventGroup Reference="gr_C3A_INF1"/> 
              <EventGroup Reference="gr_C4A_INF1"/> 
              <EventGroup Reference="gr_C5A_INF1"/> 
              <EventGroup Reference="gr_C3A_SIS1"/> 
              <EventGroup Reference="gr_C4A_SIS1"/> 
              <EventGroup Reference="gr_C5A_SIS1"/> 
              <EventGroup Reference="gr_C3A_MAT1"/> 
              <EventGroup Reference="gr_C4A_MAT1"/> 
              <EventGroup Reference="gr_C5A_MAT1"/> 
              <EventGroup Reference="gr_C3A_TEL1"/> 
              <EventGroup Reference="gr_C4A_TEL1"/> 
              <EventGroup Reference="gr_C5A_TEL1"/> 
              <EventGroup Reference="gr_C3B_LET2"/> 
              <EventGroup Reference="gr_C4B_LET2"/> 
              <EventGroup Reference="gr_C5B_LET2"/> 
              <EventGroup Reference="gr_C3B_INF2"/> 
              <EventGroup Reference="gr_C4B_INF2"/> 
              <EventGroup Reference="gr_C5B_INF2"/> 
              <EventGroup Reference="gr_C3B_SIS2"/> 
              <EventGroup Reference="gr_C4B_SIS2"/> 
              <EventGroup Reference="gr_C5B_SIS2"/> 
              <EventGroup Reference="gr_C3B_MAT2"/> 
              <EventGroup Reference="gr_C4B_MAT2"/> 
              <EventGroup Reference="gr_C5B_MAT2"/> 
              <EventGroup Reference="gr_C3B_TEL2"/> 
              <EventGroup Reference="gr_C4B_TEL2"/> 
              <EventGroup Reference="gr_C5B_TEL2"/> 
            </EventGroups>
          </AppliesTo>
          <TimeGroups>
          <TimeGroup Reference="gr_Mo">
            <Minimum>0</Minimum>
            <Maximum>1</Maximum>
          </TimeGroup>
          <TimeGroup Reference="gr_Tu">
            <Minimum>0</Minimum>
            <Maximum>1</Maximum>
          </TimeGroup>
          <TimeGroup Reference="gr_We">
            <Minimum>0</Minimum>
            <Maximum>1</Maximum>
          </TimeGroup>
          <TimeGroup Reference="gr_Th">
            <Minimum>0</Minimum>
            <Maximum>1</Maximum>
          </TimeGroup>
          <TimeGroup Reference="gr_Fr">
            <Minimum>0</Minimum>
            <Maximum>1</Maximum>
          </TimeGroup>
          <TimeGroup Reference="gr_Sa">
            <Minimum>0</Minimum>
            <Maximum>1</Maximum>
          </TimeGroup>
          </TimeGroups>
        </SpreadEventsConstraint>

        <LinkEventsConstraint Id="LinkEvents_C3A_LET1_C3B_LET2">
          <Name>Link events (C3A,LET1) and (C3B,LET2)</Name>
          <Required>true</Required>
          <Weight>1</Weight>
          <CostFunction>Linear</CostFunction>
          <AppliesTo>
            <EventGroups>
              <EventGroup Reference="gr_C3A_LET1"/> 
              <EventGroup Reference="gr_C3B_LET2"/> 
            </EventGroups>
          </AppliesTo>
        </LinkEventsConstraint>

        <LinkEventsConstraint Id="LinkEvents_C4A_LET1_C4B_LET2">
          <Name>Link events (C4A,LET1) and (C4B,LET2)</Name>
          <Required>true</Required>
          <Weight>1</Weight>
          <CostFunction>Linear</CostFunction>
          <AppliesTo>
            <EventGroups>
              <EventGroup Reference="gr_C4A_LET1"/> 
              <EventGroup Reference="gr_C4B_LET2"/> 
            </EventGroups>
          </AppliesTo>
        </LinkEventsConstraint>

        <LinkEventsConstraint Id="LinkEvents_C5A_LET1_C5B_LET2">
          <Name>Link events (C5A,LET1) and (C5B,LET2)</Name>
          <Required>true</Required>
          <Weight>1</Weight>
          <CostFunction>Linear</CostFunction>
          <AppliesTo>
            <EventGroups>
              <EventGroup Reference="gr_C5A_LET1"/> 
              <EventGroup Reference="gr_C5B_LET2"/> 
            </EventGroups>
          </AppliesTo>
        </LinkEventsConstraint>

        <LinkEventsConstraint Id="LinkEvents_C3A_INF1_C3B_INF2">
          <Name>Link events (C3A,INF1) and (C3B,INF2)</Name>
          <Required>true</Required>
          <Weight>1</Weight>
          <CostFunction>Linear</CostFunction>
          <AppliesTo>
            <EventGroups>
              <EventGroup Reference="gr_C3A_INF1"/> 
              <EventGroup Reference="gr_C3B_INF2"/> 
            </EventGroups>
          </AppliesTo>
        </LinkEventsConstraint>

        <LinkEventsConstraint Id="LinkEvents_C4A_INF1_C4B_INF2">
          <Name>Link events (C4A,INF1) and (C4B,INF2)</Name>
          <Required>true</Required>
          <Weight>1</Weight>
          <CostFunction>Linear</CostFunction>
          <AppliesTo>
            <EventGroups>
              <EventGroup Reference="gr_C4A_INF1"/> 
              <EventGroup Reference="gr_C4B_INF2"/> 
            </EventGroups>
          </AppliesTo>
        </LinkEventsConstraint>

        <LinkEventsConstraint Id="LinkEvents_C5A_INF1_C5B_INF2">
          <Name>Link events (C5A,INF1) and (C5B,INF2)</Name>
          <Required>true</Required>
          <Weight>1</Weight>
          <CostFunction>Linear</CostFunction>
          <AppliesTo>
            <EventGroups>
              <EventGroup Reference="gr_C5A_INF1"/> 
              <EventGroup Reference="gr_C5B_INF2"/> 
            </EventGroups>
          </AppliesTo>
        </LinkEventsConstraint>

        <LinkEventsConstraint Id="LinkEvents_C3A_SIS1_C3B_SIS2">
          <Name>Link events (C3A,SIS1) and (C3B,SIS2)</Name>
          <Required>true</Required>
          <Weight>1</Weight>
          <CostFunction>Linear</CostFunction>
          <AppliesTo>
            <EventGroups>
              <EventGroup Reference="gr_C3A_SIS1"/> 
              <EventGroup Reference="gr_C3B_SIS2"/> 
            </EventGroups>
          </AppliesTo>
        </LinkEventsConstraint>

        <LinkEventsConstraint Id="LinkEvents_C4A_SIS1_C4B_SIS2">
          <Name>Link events (C4A,SIS1) and (C4B,SIS2)</Name>
          <Required>true</Required>
          <Weight>1</Weight>
          <CostFunction>Linear</CostFunction>
          <AppliesTo>
            <EventGroups>
              <EventGroup Reference="gr_C4A_SIS1"/> 
              <EventGroup Reference="gr_C4B_SIS2"/> 
            </EventGroups>
          </AppliesTo>
        </LinkEventsConstraint>

        <LinkEventsConstraint Id="LinkEvents_C5A_SIS1_C5B_SIS2">
          <Name>Link events (C5A,SIS1) and (C5B,SIS2)</Name>
          <Required>true</Required>
          <Weight>1</Weight>
          <CostFunction>Linear</CostFunction>
          <AppliesTo>
            <EventGroups>
              <EventGroup Reference="gr_C5A_SIS1"/> 
              <EventGroup Reference="gr_C5B_SIS2"/> 
            </EventGroups>
          </AppliesTo>
        </LinkEventsConstraint>

        <LinkEventsConstraint Id="LinkEvents_C3A_MAT1_C3B_MAT2">
          <Name>Link events (C3A,MAT1) and (C3B,MAT2)</Name>
          <Required>true</Required>
          <Weight>1</Weight>
          <CostFunction>Linear</CostFunction>
          <AppliesTo>
            <EventGroups>
              <EventGroup Reference="gr_C3A_MAT1"/> 
              <EventGroup Reference="gr_C3B_MAT2"/> 
            </EventGroups>
          </AppliesTo>
        </LinkEventsConstraint>

        <LinkEventsConstraint Id="LinkEvents_C4A_MAT1_C4B_MAT2">
          <Name>Link events (C4A,MAT1) and (C4B,MAT2)</Name>
          <Required>true</Required>
          <Weight>1</Weight>
          <CostFunction>Linear</CostFunction>
          <AppliesTo>
            <EventGroups>
              <EventGroup Reference="gr_C4A_MAT1"/> 
              <EventGroup Reference="gr_C4B_MAT2"/> 
            </EventGroups>
          </AppliesTo>
        </LinkEventsConstraint>

        <LinkEventsConstraint Id="LinkEvents_C5A_MAT1_C5B_MAT2">
          <Name>Link events (C5A,MAT1) and (C5B,MAT2)</Name>
          <Required>true</Required>
          <Weight>1</Weight>
          <CostFunction>Linear</CostFunction>
          <AppliesTo>
            <EventGroups>
              <EventGroup Reference="gr_C5A_MAT1"/> 
              <EventGroup Reference="gr_C5B_MAT2"/> 
            </EventGroups>
          </AppliesTo>
        </LinkEventsConstraint>

        <LinkEventsConstraint Id="LinkEvents_C3A_TEL1_C3B_TEL2">
          <Name>Link events (C3A,TEL1) and (C3B,TEL2)</Name>
          <Required>true</Required>
          <Weight>1</Weight>
          <CostFunction>Linear</CostFunction>
          <AppliesTo>
            <EventGroups>
              <EventGroup Reference="gr_C3A_TEL1"/> 
              <EventGroup Reference="gr_C3B_TEL2"/> 
            </EventGroups>
          </AppliesTo>
        </LinkEventsConstraint>

        <LinkEventsConstraint Id="LinkEvents_C4A_TEL1_C4B_TEL2">
          <Name>Link events (C4A,TEL1) and (C4B,TEL2)</Name>
          <Required>true</Required>
          <Weight>1</Weight>
          <CostFunction>Linear</CostFunction>
          <AppliesTo>
            <EventGroups>
              <EventGroup Reference="gr_C4A_TEL1"/> 
              <EventGroup Reference="gr_C4B_TEL2"/> 
            </EventGroups>
          </AppliesTo>
        </LinkEventsConstraint>

        <LinkEventsConstraint Id="LinkEvents_C5A_TEL1_C5B_TEL2">
          <Name>Link events (C5A,TEL1) and (C5B,TEL2)</Name>
          <Required>true</Required>
          <Weight>1</Weight>
          <CostFunction>Linear</CostFunction>
          <AppliesTo>
            <EventGroups>
              <EventGroup Reference="gr_C5A_TEL1"/> 
              <EventGroup Reference="gr_C5B_TEL2"/> 
            </EventGroups>
          </AppliesTo>
        </LinkEventsConstraint>

        <AvoidClashesConstraint Id="NoResourceClashes_1">
          <Name>NoResourceClashes</Name>
          <Required>true</Required>
          <Weight>1</Weight>
          <CostFunction>Linear</CostFunction>
          <AppliesTo>
            <ResourceGroups>
              <ResourceGroup Reference="gr_Teachers"/>
              <ResourceGroup Reference="gr_Classes"/>
            </ResourceGroups>
          </AppliesTo>
        </AvoidClashesConstraint>

        <AvoidUnavailableTimesConstraint Id="AvoidUnavailableTimes_C3A">
          <Name>ForbiddenTimesOfC3A</Name>
          <Required>true</Required>
          <Weight>1</Weight>
          <CostFunction>Linear</CostFunction>
          <AppliesTo>
            <Resources>
              <Resource Reference="C3A"/>
            </Resources>
          </AppliesTo>
          <Times>
          </Times>
        </AvoidUnavailableTimesConstraint>

        <AvoidUnavailableTimesConstraint Id="AvoidUnavailableTimes_C4A">
          <Name>ForbiddenTimesOfC4A</Name>
          <Required>true</Required>
          <Weight>1</Weight>
          <CostFunction>Linear</CostFunction>
          <AppliesTo>
            <Resources>
              <Resource Reference="C4A"/>
            </Resources>
          </AppliesTo>
          <Times>
          </Times>
        </AvoidUnavailableTimesConstraint>

        <AvoidUnavailableTimesConstraint Id="AvoidUnavailableTimes_C5A">
          <Name>ForbiddenTimesOfC5A</Name>
          <Required>true</Required>
          <Weight>1</Weight>
          <CostFunction>Linear</CostFunction>
          <AppliesTo>
            <Resources>
              <Resource Reference="C5A"/>
            </Resources>
          </AppliesTo>
          <Times>
          </Times>
        </AvoidUnavailableTimesConstraint>

        <AvoidUnavailableTimesConstraint Id="AvoidUnavailableTimes_C3B">
          <Name>ForbiddenTimesOfC3B</Name>
          <Required>true</Required>
          <Weight>1</Weight>
          <CostFunction>Linear</CostFunction>
          <AppliesTo>
            <Resources>
              <Resource Reference="C3B"/>
            </Resources>
          </AppliesTo>
          <Times>
          </Times>
        </AvoidUnavailableTimesConstraint>

        <AvoidUnavailableTimesConstraint Id="AvoidUnavailableTimes_C4B">
          <Name>ForbiddenTimesOfC4B</Name>
          <Required>true</Required>
          <Weight>1</Weight>
          <CostFunction>Linear</CostFunction>
          <AppliesTo>
            <Resources>
              <Resource Reference="C4B"/>
            </Resources>
          </AppliesTo>
          <Times>
          </Times>
        </AvoidUnavailableTimesConstraint>

        <AvoidUnavailableTimesConstraint Id="AvoidUnavailableTimes_C5B">
          <Name>ForbiddenTimesOfC5B</Name>
          <Required>true</Required>
          <Weight>1</Weight>
          <CostFunction>Linear</CostFunction>
          <AppliesTo>
            <Resources>
              <Resource Reference="C5B"/>
            </Resources>
          </AppliesTo>
          <Times>
          </Times>
        </AvoidUnavailableTimesConstraint>

        <AvoidUnavailableTimesConstraint Id="AvoidUnavailableTimes_ING1">
          <Name>ForbiddenTimesOfING1</Name>
          <Required>true</Required>
          <Weight>1</Weight>
          <CostFunction>Linear</CostFunction>
          <AppliesTo>
            <Resources>
              <Resource Reference="ING1"/>
            </Resources>
          </AppliesTo>
          <Times>
            <Time Reference="Mo_1"/>
            <Time Reference="Mo_2"/>
            <Time Reference="Mo_3"/>
            <Time Reference="Mo_4"/>
            <Time Reference="Mo_5"/>
            <Time Reference="Mo_6"/>
          </Times>
        </AvoidUnavailableTimesConstraint>

        <AvoidUnavailableTimesConstraint Id="AvoidUnavailableTimes_LET1">
          <Name>ForbiddenTimesOfLET1</Name>
          <Required>true</Required>
          <Weight>1</Weight>
          <CostFunction>Linear</CostFunction>
          <AppliesTo>
            <Resources>
              <Resource Reference="LET1"/>
            </Resources>
          </AppliesTo>
          <Times>
            <Time Reference="Tu_1"/>
            <Time Reference="Tu_2"/>
            <Time Reference="Tu_3"/>
            <Time Reference="Tu_4"/>
            <Time Reference="Tu_5"/>
            <Time Reference="Tu_6"/>
          </Times>
        </AvoidUnavailableTimesConstraint>

        <AvoidUnavailableTimesConstraint Id="AvoidUnavailableTimes_INF1">
          <Name>ForbiddenTimesOfINF1</Name>
          <Required>true</Required>
          <Weight>1</Weight>
          <CostFunction>Linear</CostFunction>
          <AppliesTo>
            <Resources>
              <Resource Reference="INF1"/>
            </Resources>
          </AppliesTo>
          <Times>
            <Time Reference="We_1"/>
            <Time Reference="We_2"/>
            <Time Reference="We_3"/>
            <Time Reference="We_4"/>
            <Time Reference="We_5"/>
            <Time Reference="We_6"/>
          </Times>
        </AvoidUnavailableTimesConstraint>

        <AvoidUnavailableTimesConstraint Id="AvoidUnavailableTimes_SIS1">
          <Name>ForbiddenTimesOfSIS1</Name>
          <Required>true</Required>
          <Weight>1</Weight>
          <CostFunction>Linear</CostFunction>
          <AppliesTo>
            <Resources>
              <Resource Reference="SIS1"/>
            </Resources>
          </AppliesTo>
          <Times>
            <Time Reference="Th_1"/>
            <Time Reference="Th_2"/>
            <Time Reference="Th_3"/>
            <Time Reference="Th_4"/>
            <Time Reference="Th_5"/>
            <Time Reference="Th_6"/>
          </Times>
        </AvoidUnavailableTimesConstraint>

        <AvoidUnavailableTimesConstraint Id="AvoidUnavailableTimes_MAT1">
          <Name>ForbiddenTimesOfMAT1</Name>
          <Required>true</Required>
          <Weight>1</Weight>
          <CostFunction>Linear</CostFunction>
          <AppliesTo>
            <Resources>
              <Resource Reference="MAT1"/>
            </Resources>
          </AppliesTo>
          <Times>
            <Time Reference="Fr_1"/>
            <Time Reference="Fr_2"/>
            <Time Reference="Fr_3"/>
            <Time Reference="Fr_4"/>
            <Time Reference="Fr_5"/>
            <Time Reference="Fr_6"/>
          </Times>
        </AvoidUnavailableTimesConstraint>

        <AvoidUnavailableTimesConstraint Id="AvoidUnavailableTimes_TEL1">
          <Name>ForbiddenTimesOfTEL1</Name>
          <Required>true</Required>
          <Weight>1</Weight>
          <CostFunction>Linear</CostFunction>
          <AppliesTo>
            <Resources>
              <Resource Reference="TEL1"/>
            </Resources>
          </AppliesTo>
          <Times>
            <Time Reference="Sa_1"/>
            <Time Reference="Sa_2"/>
            <Time Reference="Sa_3"/>
            <Time Reference="Sa_4"/>
            <Time Reference="Sa_5"/>
            <Time Reference="Sa_6"/>
          </Times>
        </AvoidUnavailableTimesConstraint>

        <AvoidUnavailableTimesConstraint Id="AvoidUnavailableTimes_LET2">
          <Name>ForbiddenTimesOfLET2</Name>
          <Required>true</Required>
          <Weight>1</Weight>
          <CostFunction>Linear</CostFunction>
          <AppliesTo>
            <Resources>
              <Resource Reference="LET2"/>
            </Resources>
          </AppliesTo>
          <Times>
            <Time Reference="Tu_1"/>
            <Time Reference="Tu_2"/>
            <Time Reference="Tu_3"/>
            <Time Reference="Tu_4"/>
            <Time Reference="Tu_5"/>
            <Time Reference="Tu_6"/>
          </Times>
        </AvoidUnavailableTimesConstraint>

        <AvoidUnavailableTimesConstraint Id="AvoidUnavailableTimes_INF2">
          <Name>ForbiddenTimesOfINF2</Name>
          <Required>true</Required>
          <Weight>1</Weight>
          <CostFunction>Linear</CostFunction>
          <AppliesTo>
            <Resources>
              <Resource Reference="INF2"/>
            </Resources>
          </AppliesTo>
          <Times>
            <Time Reference="We_1"/>
            <Time Reference="We_2"/>
            <Time Reference="We_3"/>
            <Time Reference="We_4"/>
            <Time Reference="We_5"/>
            <Time Reference="We_6"/>
          </Times>
        </AvoidUnavailableTimesConstraint>

        <AvoidUnavailableTimesConstraint Id="AvoidUnavailableTimes_SIS2">
          <Name>ForbiddenTimesOfSIS2</Name>
          <Required>true</Required>
          <Weight>1</Weight>
          <CostFunction>Linear</CostFunction>
          <AppliesTo>
            <Resources>
              <Resource Reference="SIS2"/>
            </Resources>
          </AppliesTo>
          <Times>
            <Time Reference="Th_1"/>
            <Time Reference="Th_2"/>
            <Time Reference="Th_3"/>
            <Time Reference="Th_4"/>
            <Time Reference="Th_5"/>
            <Time Reference="Th_6"/>
          </Times>
        </AvoidUnavailableTimesConstraint>

        <AvoidUnavailableTimesConstraint Id="AvoidUnavailableTimes_MAT2">
          <Name>ForbiddenTimesOfMAT2</Name>
          <Required>true</Required>
          <Weight>1</Weight>
          <CostFunction>Linear</CostFunction>
          <AppliesTo>
            <Resources>
              <Resource Reference="MAT2"/>
            </Resources>
          </AppliesTo>
          <Times>
            <Time Reference="Fr_1"/>
            <Time Reference="Fr_2"/>
            <Time Reference="Fr_3"/>
            <Time Reference="Fr_4"/>
            <Time Reference="Fr_5"/>
            <Time Reference="Fr_6"/>
          </Times>
        </AvoidUnavailableTimesConstraint>

        <AvoidUnavailableTimesConstraint Id="AvoidUnavailableTimes_TEL2">
          <Name>ForbiddenTimesOfTEL2</Name>
          <Required>true</Required>
          <Weight>1</Weight>
          <CostFunction>Linear</CostFunction>
          <AppliesTo>
            <Resources>
              <Resource Reference="TEL2"/>
            </Resources>
          </AppliesTo>
          <Times>
            <Time Reference="Sa_1"/>
            <Time Reference="Sa_2"/>
            <Time Reference="Sa_3"/>
            <Time Reference="Sa_4"/>
            <Time Reference="Sa_5"/>
            <Time Reference="Sa_6"/>
          </Times>
        </AvoidUnavailableTimesConstraint>

        <LimitIdleTimesConstraint Id="FreePeriodsConstraint_1">
          <Name>No idle times for teachers</Name>
          <Required>false</Required>
          <Weight>100</Weight>
          <CostFunction>Linear</CostFunction>
          <AppliesTo>
            <ResourceGroups>
              <ResourceGroup Reference="gr_Teachers"/>
            </ResourceGroups>
          </AppliesTo>
          <TimeGroups>
            <TimeGroup Reference="gr_Mo"/>
            <TimeGroup Reference="gr_Tu"/>
            <TimeGroup Reference="gr_We"/>
            <TimeGroup Reference="gr_Th"/>
            <TimeGroup Reference="gr_Fr"/>
            <TimeGroup Reference="gr_Sa"/>
          </TimeGroups>
          <Minimum>0</Minimum>
          <Maximum>0</Maximum>
        </LimitIdleTimesConstraint>

        <ClusterBusyTimesConstraint Id="MinMaxNofBusyDayConstraint_ING1">
          <Name>Limit min/max busy days</Name>
          <Required>true</Required>
          <Weight>1</Weight>
          <CostFunction>Linear</CostFunction>
          <AppliesTo>
            <Resources>
              <Resource Reference="ING1"/>
            </Resources>
          </AppliesTo>
          <TimeGroups>
            <TimeGroup Reference="gr_Mo"/>
            <TimeGroup Reference="gr_Tu"/>
            <TimeGroup Reference="gr_We"/>
            <TimeGroup Reference="gr_Th"/>
            <TimeGroup Reference="gr_Fr"/>
            <TimeGroup Reference="gr_Sa"/>
          </TimeGroups>
          <Minimum>5</Minimum>
          <Maximum>5</Maximum>
        </ClusterBusyTimesConstraint>

        <ClusterBusyTimesConstraint Id="MinMaxNofBusyDayConstraint_LET1">
          <Name>Limit min/max busy days</Name>
          <Required>true</Required>
          <Weight>1</Weight>
          <CostFunction>Linear</CostFunction>
          <AppliesTo>
            <Resources>
              <Resource Reference="LET1"/>
            </Resources>
          </AppliesTo>
          <TimeGroups>
            <TimeGroup Reference="gr_Mo"/>
            <TimeGroup Reference="gr_Tu"/>
            <TimeGroup Reference="gr_We"/>
            <TimeGroup Reference="gr_Th"/>
            <TimeGroup Reference="gr_Fr"/>
            <TimeGroup Reference="gr_Sa"/>
          </TimeGroups>
          <Minimum>5</Minimum>
          <Maximum>5</Maximum>
        </ClusterBusyTimesConstraint>

        <ClusterBusyTimesConstraint Id="MinMaxNofBusyDayConstraint_INF1">
          <Name>Limit min/max busy days</Name>
          <Required>true</Required>
          <Weight>1</Weight>
          <CostFunction>Linear</CostFunction>
          <AppliesTo>
            <Resources>
              <Resource Reference="INF1"/>
            </Resources>
          </AppliesTo>
          <TimeGroups>
            <TimeGroup Reference="gr_Mo"/>
            <TimeGroup Reference="gr_Tu"/>
            <TimeGroup Reference="gr_We"/>
            <TimeGroup Reference="gr_Th"/>
            <TimeGroup Reference="gr_Fr"/>
            <TimeGroup Reference="gr_Sa"/>
          </TimeGroups>
          <Minimum>5</Minimum>
          <Maximum>5</Maximum>
        </ClusterBusyTimesConstraint>

        <ClusterBusyTimesConstraint Id="MinMaxNofBusyDayConstraint_SIS1">
          <Name>Limit min/max busy days</Name>
          <Required>true</Required>
          <Weight>1</Weight>
          <CostFunction>Linear</CostFunction>
          <AppliesTo>
            <Resources>
              <Resource Reference="SIS1"/>
            </Resources>
          </AppliesTo>
          <TimeGroups>
            <TimeGroup Reference="gr_Mo"/>
            <TimeGroup Reference="gr_Tu"/>
            <TimeGroup Reference="gr_We"/>
            <TimeGroup Reference="gr_Th"/>
            <TimeGroup Reference="gr_Fr"/>
            <TimeGroup Reference="gr_Sa"/>
          </TimeGroups>
          <Minimum>5</Minimum>
          <Maximum>5</Maximum>
        </ClusterBusyTimesConstraint>

        <ClusterBusyTimesConstraint Id="MinMaxNofBusyDayConstraint_MAT1">
          <Name>Limit min/max busy days</Name>
          <Required>true</Required>
          <Weight>1</Weight>
          <CostFunction>Linear</CostFunction>
          <AppliesTo>
            <Resources>
              <Resource Reference="MAT1"/>
            </Resources>
          </AppliesTo>
          <TimeGroups>
            <TimeGroup Reference="gr_Mo"/>
            <TimeGroup Reference="gr_Tu"/>
            <TimeGroup Reference="gr_We"/>
            <TimeGroup Reference="gr_Th"/>
            <TimeGroup Reference="gr_Fr"/>
            <TimeGroup Reference="gr_Sa"/>
          </TimeGroups>
          <Minimum>5</Minimum>
          <Maximum>5</Maximum>
        </ClusterBusyTimesConstraint>

        <ClusterBusyTimesConstraint Id="MinMaxNofBusyDayConstraint_TEL1">
          <Name>Limit min/max busy days</Name>
          <Required>true</Required>
          <Weight>1</Weight>
          <CostFunction>Linear</CostFunction>
          <AppliesTo>
            <Resources>
              <Resource Reference="TEL1"/>
            </Resources>
          </AppliesTo>
          <TimeGroups>
            <TimeGroup Reference="gr_Mo"/>
            <TimeGroup Reference="gr_Tu"/>
            <TimeGroup Reference="gr_We"/>
            <TimeGroup Reference="gr_Th"/>
            <TimeGroup Reference="gr_Fr"/>
            <TimeGroup Reference="gr_Sa"/>
          </TimeGroups>
          <Minimum>5</Minimum>
          <Maximum>5</Maximum>
        </ClusterBusyTimesConstraint>

        <ClusterBusyTimesConstraint Id="MinMaxNofBusyDayConstraint_LET2">
          <Name>Limit min/max busy days</Name>
          <Required>true</Required>
          <Weight>1</Weight>
          <CostFunction>Linear</CostFunction>
          <AppliesTo>
            <Resources>
              <Resource Reference="LET2"/>
            </Resources>
          </AppliesTo>
          <TimeGroups>
            <TimeGroup Reference="gr_Mo"/>
            <TimeGroup Reference="gr_Tu"/>
            <TimeGroup Reference="gr_We"/>
            <TimeGroup Reference="gr_Th"/>
            <TimeGroup Reference="gr_Fr"/>
            <TimeGroup Reference="gr_Sa"/>
          </TimeGroups>
          <Minimum>5</Minimum>
          <Maximum>5</Maximum>
        </ClusterBusyTimesConstraint>

        <ClusterBusyTimesConstraint Id="MinMaxNofBusyDayConstraint_INF2">
          <Name>Limit min/max busy days</Name>
          <Required>true</Required>
          <Weight>1</Weight>
          <CostFunction>Linear</CostFunction>
          <AppliesTo>
            <Resources>
              <Resource Reference="INF2"/>
            </Resources>
          </AppliesTo>
          <TimeGroups>
            <TimeGroup Reference="gr_Mo"/>
            <TimeGroup Reference="gr_Tu"/>
            <TimeGroup Reference="gr_We"/>
            <TimeGroup Reference="gr_Th"/>
            <TimeGroup Reference="gr_Fr"/>
            <TimeGroup Reference="gr_Sa"/>
          </TimeGroups>
          <Minimum>5</Minimum>
          <Maximum>5</Maximum>
        </ClusterBusyTimesConstraint>

        <ClusterBusyTimesConstraint Id="MinMaxNofBusyDayConstraint_SIS2">
          <Name>Limit min/max busy days</Name>
          <Required>true</Required>
          <Weight>1</Weight>
          <CostFunction>Linear</CostFunction>
          <AppliesTo>
            <Resources>
              <Resource Reference="SIS2"/>
            </Resources>
          </AppliesTo>
          <TimeGroups>
            <TimeGroup Reference="gr_Mo"/>
            <TimeGroup Reference="gr_Tu"/>
            <TimeGroup Reference="gr_We"/>
            <TimeGroup Reference="gr_Th"/>
            <TimeGroup Reference="gr_Fr"/>
            <TimeGroup Reference="gr_Sa"/>
          </TimeGroups>
          <Minimum>5</Minimum>
          <Maximum>5</Maximum>
        </ClusterBusyTimesConstraint>

        <ClusterBusyTimesConstraint Id="MinMaxNofBusyDayConstraint_MAT2">
          <Name>Limit min/max busy days</Name>
          <Required>true</Required>
          <Weight>1</Weight>
          <CostFunction>Linear</CostFunction>
          <AppliesTo>
            <Resources>
              <Resource Reference="MAT2"/>
            </Resources>
          </AppliesTo>
          <TimeGroups>
            <TimeGroup Reference="gr_Mo"/>
            <TimeGroup Reference="gr_Tu"/>
            <TimeGroup Reference="gr_We"/>
            <TimeGroup Reference="gr_Th"/>
            <TimeGroup Reference="gr_Fr"/>
            <TimeGroup Reference="gr_Sa"/>
          </TimeGroups>
          <Minimum>5</Minimum>
          <Maximum>5</Maximum>
        </ClusterBusyTimesConstraint>

        <ClusterBusyTimesConstraint Id="MinMaxNofBusyDayConstraint_TEL2">
          <Name>Limit min/max busy days</Name>
          <Required>true</Required>
          <Weight>1</Weight>
          <CostFunction>Linear</CostFunction>
          <AppliesTo>
            <Resources>
              <Resource Reference="TEL2"/>
            </Resources>
          </AppliesTo>
          <TimeGroups>
            <TimeGroup Reference="gr_Mo"/>
            <TimeGroup Reference="gr_Tu"/>
            <TimeGroup Reference="gr_We"/>
            <TimeGroup Reference="gr_Th"/>
            <TimeGroup Reference="gr_Fr"/>
            <TimeGroup Reference="gr_Sa"/>
          </TimeGroups>
          <Minimum>5</Minimum>
          <Maximum>5</Maximum>
        </ClusterBusyTimesConstraint>

        <LimitBusyTimesConstraint Id="MinMaxNofHoursPerDayConstraint_ING1">
          <Name>Limit min/max teachers' lessons per day</Name>
          <Required>true</Required>
          <Weight>1</Weight>
          <CostFunction>Linear</CostFunction>
          <AppliesTo>
            <Resources>
              <Resource Reference="ING1"/>
            </Resources>
          </AppliesTo>
          <TimeGroups>
            <TimeGroup Reference="gr_Mo"/>
            <TimeGroup Reference="gr_Tu"/>
            <TimeGroup Reference="gr_We"/>
            <TimeGroup Reference="gr_Th"/>
            <TimeGroup Reference="gr_Fr"/>
            <TimeGroup Reference="gr_Sa"/>
          </TimeGroups>
          <Minimum>3</Minimum>
          <Maximum>5</Maximum>
        </LimitBusyTimesConstraint>

        <LimitBusyTimesConstraint Id="MinMaxNofHoursPerDayConstraint_LET1">
          <Name>Limit min/max teachers' lessons per day</Name>
          <Required>true</Required>
          <Weight>1</Weight>
          <CostFunction>Linear</CostFunction>
          <AppliesTo>
            <Resources>
              <Resource Reference="LET1"/>
            </Resources>
          </AppliesTo>
          <TimeGroups>
            <TimeGroup Reference="gr_Mo"/>
            <TimeGroup Reference="gr_Tu"/>
            <TimeGroup Reference="gr_We"/>
            <TimeGroup Reference="gr_Th"/>
            <TimeGroup Reference="gr_Fr"/>
            <TimeGroup Reference="gr_Sa"/>
          </TimeGroups>
          <Minimum>3</Minimum>
          <Maximum>5</Maximum>
        </LimitBusyTimesConstraint>

        <LimitBusyTimesConstraint Id="MinMaxNofHoursPerDayConstraint_INF1">
          <Name>Limit min/max teachers' lessons per day</Name>
          <Required>true</Required>
          <Weight>1</Weight>
          <CostFunction>Linear</CostFunction>
          <AppliesTo>
            <Resources>
              <Resource Reference="INF1"/>
            </Resources>
          </AppliesTo>
          <TimeGroups>
            <TimeGroup Reference="gr_Mo"/>
            <TimeGroup Reference="gr_Tu"/>
            <TimeGroup Reference="gr_We"/>
            <TimeGroup Reference="gr_Th"/>
            <TimeGroup Reference="gr_Fr"/>
            <TimeGroup Reference="gr_Sa"/>
          </TimeGroups>
          <Minimum>3</Minimum>
          <Maximum>5</Maximum>
        </LimitBusyTimesConstraint>

        <LimitBusyTimesConstraint Id="MinMaxNofHoursPerDayConstraint_SIS1">
          <Name>Limit min/max teachers' lessons per day</Name>
          <Required>true</Required>
          <Weight>1</Weight>
          <CostFunction>Linear</CostFunction>
          <AppliesTo>
            <Resources>
              <Resource Reference="SIS1"/>
            </Resources>
          </AppliesTo>
          <TimeGroups>
            <TimeGroup Reference="gr_Mo"/>
            <TimeGroup Reference="gr_Tu"/>
            <TimeGroup Reference="gr_We"/>
            <TimeGroup Reference="gr_Th"/>
            <TimeGroup Reference="gr_Fr"/>
            <TimeGroup Reference="gr_Sa"/>
          </TimeGroups>
          <Minimum>3</Minimum>
          <Maximum>5</Maximum>
        </LimitBusyTimesConstraint>

        <LimitBusyTimesConstraint Id="MinMaxNofHoursPerDayConstraint_MAT1">
          <Name>Limit min/max teachers' lessons per day</Name>
          <Required>true</Required>
          <Weight>1</Weight>
          <CostFunction>Linear</CostFunction>
          <AppliesTo>
            <Resources>
              <Resource Reference="MAT1"/>
            </Resources>
          </AppliesTo>
          <TimeGroups>
            <TimeGroup Reference="gr_Mo"/>
            <TimeGroup Reference="gr_Tu"/>
            <TimeGroup Reference="gr_We"/>
            <TimeGroup Reference="gr_Th"/>
            <TimeGroup Reference="gr_Fr"/>
            <TimeGroup Reference="gr_Sa"/>
          </TimeGroups>
          <Minimum>3</Minimum>
          <Maximum>5</Maximum>
        </LimitBusyTimesConstraint>

        <LimitBusyTimesConstraint Id="MinMaxNofHoursPerDayConstraint_TEL1">
          <Name>Limit min/max teachers' lessons per day</Name>
          <Required>true</Required>
          <Weight>1</Weight>
          <CostFunction>Linear</CostFunction>
          <AppliesTo>
            <Resources>
              <Resource Reference="TEL1"/>
            </Resources>
          </AppliesTo>
          <TimeGroups>
            <TimeGroup Reference="gr_Mo"/>
            <TimeGroup Reference="gr_Tu"/>
            <TimeGroup Reference="gr_We"/>
            <TimeGroup Reference="gr_Th"/>
            <TimeGroup Reference="gr_Fr"/>
            <TimeGroup Reference="gr_Sa"/>
          </TimeGroups>
          <Minimum>3</Minimum>
          <Maximum>5</Maximum>
        </LimitBusyTimesConstraint>

        <LimitBusyTimesConstraint Id="MinMaxNofHoursPerDayConstraint_LET2">
          <Name>Limit min/max teachers' lessons per day</Name>
          <Required>true</Required>
          <Weight>1</Weight>
          <CostFunction>Linear</CostFunction>
          <AppliesTo>
            <Resources>
              <Resource Reference="LET2"/>
            </Resources>
          </AppliesTo>
          <TimeGroups>
            <TimeGroup Reference="gr_Mo"/>
            <TimeGroup Reference="gr_Tu"/>
            <TimeGroup Reference="gr_We"/>
            <TimeGroup Reference="gr_Th"/>
            <TimeGroup Reference="gr_Fr"/>
            <TimeGroup Reference="gr_Sa"/>
          </TimeGroups>
          <Minimum>3</Minimum>
          <Maximum>5</Maximum>
        </LimitBusyTimesConstraint>

        <LimitBusyTimesConstraint Id="MinMaxNofHoursPerDayConstraint_INF2">
          <Name>Limit min/max teachers' lessons per day</Name>
          <Required>true</Required>
          <Weight>1</Weight>
          <CostFunction>Linear</CostFunction>
          <AppliesTo>
            <Resources>
              <Resource Reference="INF2"/>
            </Resources>
          </AppliesTo>
          <TimeGroups>
            <TimeGroup Reference="gr_Mo"/>
            <TimeGroup Reference="gr_Tu"/>
            <TimeGroup Reference="gr_We"/>
            <TimeGroup Reference="gr_Th"/>
            <TimeGroup Reference="gr_Fr"/>
            <TimeGroup Reference="gr_Sa"/>
          </TimeGroups>
          <Minimum>3</Minimum>
          <Maximum>5</Maximum>
        </LimitBusyTimesConstraint>

        <LimitBusyTimesConstraint Id="MinMaxNofHoursPerDayConstraint_SIS2">
          <Name>Limit min/max teachers' lessons per day</Name>
          <Required>true</Required>
          <Weight>1</Weight>
          <CostFunction>Linear</CostFunction>
          <AppliesTo>
            <Resources>
              <Resource Reference="SIS2"/>
            </Resources>
          </AppliesTo>
          <TimeGroups>
            <TimeGroup Reference="gr_Mo"/>
            <TimeGroup Reference="gr_Tu"/>
            <TimeGroup Reference="gr_We"/>
            <TimeGroup Reference="gr_Th"/>
            <TimeGroup Reference="gr_Fr"/>
            <TimeGroup Reference="gr_Sa"/>
          </TimeGroups>
          <Minimum>3</Minimum>
          <Maximum>5</Maximum>
        </LimitBusyTimesConstraint>

        <LimitBusyTimesConstraint Id="MinMaxNofHoursPerDayConstraint_MAT2">
          <Name>Limit min/max teachers' lessons per day</Name>
          <Required>true</Required>
          <Weight>1</Weight>
          <CostFunction>Linear</CostFunction>
          <AppliesTo>
            <Resources>
              <Resource Reference="MAT2"/>
            </Resources>
          </AppliesTo>
          <TimeGroups>
            <TimeGroup Reference="gr_Mo"/>
            <TimeGroup Reference="gr_Tu"/>
            <TimeGroup Reference="gr_We"/>
            <TimeGroup Reference="gr_Th"/>
            <TimeGroup Reference="gr_Fr"/>
            <TimeGroup Reference="gr_Sa"/>
          </TimeGroups>
          <Minimum>3</Minimum>
          <Maximum>5</Maximum>
        </LimitBusyTimesConstraint>

        <LimitBusyTimesConstraint Id="MinMaxNofHoursPerDayConstraint_TEL2">
          <Name>Limit min/max teachers' lessons per day</Name>
          <Required>true</Required>
          <Weight>1</Weight>
          <CostFunction>Linear</CostFunction>
          <AppliesTo>
            <Resources>
              <Resource Reference="TEL2"/>
            </Resources>
          </AppliesTo>
          <TimeGroups>
            <TimeGroup Reference="gr_Mo"/>
            <TimeGroup Reference="gr_Tu"/>
            <TimeGroup Reference="gr_We"/>
            <TimeGroup Reference="gr_Th"/>
            <TimeGroup Reference="gr_Fr"/>
            <TimeGroup Reference="gr_Sa"/>
          </TimeGroups>
          <Minimum>3</Minimum>
          <Maximum>5</Maximum>
        </LimitBusyTimesConstraint>
      </Constraints>
    </Instance>
  </Instances>
  <SolutionGroups>
    <SolutionGroup Id="ClaudioCrobu_IHSTP_01/19/2022 14:34:19 704">
      <MetaData>
        <Contributor>Claudio Crobu</Contributor>
        <Date>01/19/2022 14:34:19 704</Date>
        <Description>Generated by XHSTT model</Description>
      </MetaData>
      <Solution Reference="I4-TAB6">
        <RunningTime>2335.6</RunningTime>
        <Events>
	  <Event Reference="C3A_C3B_ING1">
	    <Duration>1</Duration>
	    <Time Reference="Fr_6"/>
	  </Event>
	  <Event Reference="C3A_C3B_ING1">
	    <Duration>1</Duration>
	    <Time Reference="Th_1"/>
	  </Event>
	  <Event Reference="C3A_C3B_ING1">
	    <Duration>2</Duration>
	    <Time Reference="We_1"/>
	  </Event>
	  <Event Reference="C3A_C3B_ING1">
	    <Duration>2</Duration>
	    <Time Reference="Sa_4"/>
	  </Event>
	  <Event Reference="C4A_C4B_ING1">
	    <Duration>1</Duration>
	    <Time Reference="We_3"/>
	  </Event>
	  <Event Reference="C4A_C4B_ING1">
	    <Duration>1</Duration>
	    <Time Reference="Th_3"/>
	  </Event>
	  <Event Reference="C4A_C4B_ING1">
	    <Duration>1</Duration>
	    <Time Reference="Sa_6"/>
	  </Event>
	  <Event Reference="C4A_C4B_ING1">
	    <Duration>1</Duration>
	    <Time Reference="Fr_4"/>
	  </Event>
	  <Event Reference="C4A_C4B_ING1">
	    <Duration>2</Duration>
	    <Time Reference="Tu_3"/>
	  </Event>
	  <Event Reference="C5A_C5B_ING1">
	    <Duration>1</Duration>
	    <Time Reference="Fr_5"/>
	  </Event>
	  <Event Reference="C5A_C5B_ING1">
	    <Duration>1</Duration>
	    <Time Reference="Th_2"/>
	  </Event>
	  <Event Reference="C5A_C5B_ING1">
	    <Duration>2</Duration>
	    <Time Reference="Sa_1"/>
	  </Event>
	  <Event Reference="C5A_C5B_ING1">
	    <Duration>2</Duration>
	    <Time Reference="Tu_5"/>
	  </Event>
	  <Event Reference="C3A_LET1">
	    <Duration>1</Duration>
	    <Time Reference="Th_5"/>
	  </Event>
	  <Event Reference="C3A_LET1">
	    <Duration>1</Duration>
	    <Time Reference="Sa_3"/>
	  </Event>
	  <Event Reference="C3A_LET1">
	    <Duration>1</Duration>
	    <Time Reference="Fr_3"/>
	  </Event>
	  <Event Reference="C3A_LET1">
	    <Duration>1</Duration>
	    <Time Reference="Mo_3"/>
	  </Event>
	  <Event Reference="C3A_LET1">
	    <Duration>2</Duration>
	    <Time Reference="We_4"/>
	  </Event>
	  <Event Reference="C4A_LET1">
	    <Duration>1</Duration>
	    <Time Reference="We_6"/>
	  </Event>
	  <Event Reference="C4A_LET1">
	    <Duration>1</Duration>
	    <Time Reference="Th_6"/>
	  </Event>
	  <Event Reference="C4A_LET1">
	    <Duration>2</Duration>
	    <Time Reference="Sa_1"/>
	  </Event>
	  <Event Reference="C4A_LET1">
	    <Duration>2</Duration>
	    <Time Reference="Fr_5"/>
	  </Event>
	  <Event Reference="C5A_LET1">
	    <Duration>1</Duration>
	    <Time Reference="We_3"/>
	  </Event>
	  <Event Reference="C5A_LET1">
	    <Duration>1</Duration>
	    <Time Reference="Th_4"/>
	  </Event>
	  <Event Reference="C5A_LET1">
	    <Duration>2</Duration>
	    <Time Reference="Fr_1"/>
	  </Event>
	  <Event Reference="C5A_LET1">
	    <Duration>2</Duration>
	    <Time Reference="Mo_1"/>
	  </Event>
	  <Event Reference="C3A_INF1">
	    <Duration>2</Duration>
	    <Time Reference="Tu_1"/>
	  </Event>
	  <Event Reference="C3A_INF1">
	    <Duration>2</Duration>
	    <Time Reference="Mo_1"/>
	  </Event>
	  <Event Reference="C3A_INF1">
	    <Duration>2</Duration>
	    <Time Reference="Th_2"/>
	  </Event>
	  <Event Reference="C4A_INF1">
	    <Duration>2</Duration>
	    <Time Reference="Sa_3"/>
	  </Event>
	  <Event Reference="C4A_INF1">
	    <Duration>2</Duration>
	    <Time Reference="Fr_1"/>
	  </Event>
	  <Event Reference="C4A_INF1">
	    <Duration>2</Duration>
	    <Time Reference="Mo_5"/>
	  </Event>
	  <Event Reference="C5A_INF1">
	    <Duration>1</Duration>
	    <Time Reference="Fr_3"/>
	  </Event>
	  <Event Reference="C5A_INF1">
	    <Duration>1</Duration>
	    <Time Reference="Th_1"/>
	  </Event>
	  <Event Reference="C5A_INF1">
	    <Duration>1</Duration>
	    <Time Reference="Mo_4"/>
	  </Event>
	  <Event Reference="C5A_INF1">
	    <Duration>1</Duration>
	    <Time Reference="Tu_3"/>
	  </Event>
	  <Event Reference="C5A_INF1">
	    <Duration>2</Duration>
	    <Time Reference="Sa_5"/>
	  </Event>
	  <Event Reference="C3A_SIS1">
	    <Duration>1</Duration>
	    <Time Reference="We_6"/>
	  </Event>
	  <Event Reference="C3A_SIS1">
	    <Duration>1</Duration>
	    <Time Reference="Tu_6"/>
	  </Event>
	  <Event Reference="C3A_SIS1">
	    <Duration>2</Duration>
	    <Time Reference="Fr_1"/>
	  </Event>
	  <Event Reference="C3A_SIS1">
	    <Duration>2</Duration>
	    <Time Reference="Sa_1"/>
	  </Event>
	  <Event Reference="C4A_SIS1">
	    <Duration>1</Duration>
	    <Time Reference="Tu_5"/>
	  </Event>
	  <Event Reference="C4A_SIS1">
	    <Duration>1</Duration>
	    <Time Reference="Fr_3"/>
	  </Event>
	  <Event Reference="C4A_SIS1">
	    <Duration>2</Duration>
	    <Time Reference="We_1"/>
	  </Event>
	  <Event Reference="C4A_SIS1">
	    <Duration>2</Duration>
	    <Time Reference="Mo_1"/>
	  </Event>
	  <Event Reference="C5A_SIS1">
	    <Duration>1</Duration>
	    <Time Reference="Mo_3"/>
	  </Event>
	  <Event Reference="C5A_SIS1">
	    <Duration>1</Duration>
	    <Time Reference="Sa_3"/>
	  </Event>
	  <Event Reference="C5A_SIS1">
	    <Duration>1</Duration>
	    <Time Reference="Tu_4"/>
	  </Event>
	  <Event Reference="C5A_SIS1">
	    <Duration>1</Duration>
	    <Time Reference="Fr_4"/>
	  </Event>
	  <Event Reference="C5A_SIS1">
	    <Duration>2</Duration>
	    <Time Reference="We_4"/>
	  </Event>
	  <Event Reference="C3A_MAT1">
	    <Duration>1</Duration>
	    <Time Reference="Sa_6"/>
	  </Event>
	  <Event Reference="C3A_MAT1">
	    <Duration>1</Duration>
	    <Time Reference="Th_6"/>
	  </Event>
	  <Event Reference="C3A_MAT1">
	    <Duration>2</Duration>
	    <Time Reference="Tu_4"/>
	  </Event>
	  <Event Reference="C3A_MAT1">
	    <Duration>2</Duration>
	    <Time Reference="Mo_4"/>
	  </Event>
	  <Event Reference="C4A_MAT1">
	    <Duration>1</Duration>
	    <Time Reference="Sa_5"/>
	  </Event>
	  <Event Reference="C4A_MAT1">
	    <Duration>1</Duration>
	    <Time Reference="Tu_6"/>
	  </Event>
	  <Event Reference="C4A_MAT1">
	    <Duration>2</Duration>
	    <Time Reference="Th_4"/>
	  </Event>
	  <Event Reference="C4A_MAT1">
	    <Duration>2</Duration>
	    <Time Reference="We_4"/>
	  </Event>
	  <Event Reference="C5A_MAT1">
	    <Duration>1</Duration>
	    <Time Reference="Sa_4"/>
	  </Event>
	  <Event Reference="C5A_MAT1">
	    <Duration>1</Duration>
	    <Time Reference="Th_3"/>
	  </Event>
	  <Event Reference="C5A_MAT1">
	    <Duration>1</Duration>
	    <Time Reference="We_6"/>
	  </Event>
	  <Event Reference="C5A_MAT1">
	    <Duration>1</Duration>
	    <Time Reference="Mo_6"/>
	  </Event>
	  <Event Reference="C5A_MAT1">
	    <Duration>2</Duration>
	    <Time Reference="Tu_1"/>
	  </Event>
	  <Event Reference="C3A_TEL1">
	    <Duration>1</Duration>
	    <Time Reference="We_3"/>
	  </Event>
	  <Event Reference="C3A_TEL1">
	    <Duration>1</Duration>
	    <Time Reference="Mo_6"/>
	  </Event>
	  <Event Reference="C3A_TEL1">
	    <Duration>1</Duration>
	    <Time Reference="Th_4"/>
	  </Event>
	  <Event Reference="C3A_TEL1">
	    <Duration>1</Duration>
	    <Time Reference="Tu_3"/>
	  </Event>
	  <Event Reference="C3A_TEL1">
	    <Duration>2</Duration>
	    <Time Reference="Fr_4"/>
	  </Event>
	  <Event Reference="C4A_TEL1">
	    <Duration>2</Duration>
	    <Time Reference="Mo_3"/>
	  </Event>
	  <Event Reference="C4A_TEL1">
	    <Duration>2</Duration>
	    <Time Reference="Tu_1"/>
	  </Event>
	  <Event Reference="C4A_TEL1">
	    <Duration>2</Duration>
	    <Time Reference="Th_1"/>
	  </Event>
	  <Event Reference="C5A_TEL1">
	    <Duration>1</Duration>
	    <Time Reference="Mo_5"/>
	  </Event>
	  <Event Reference="C5A_TEL1">
	    <Duration>1</Duration>
	    <Time Reference="Fr_6"/>
	  </Event>
	  <Event Reference="C5A_TEL1">
	    <Duration>2</Duration>
	    <Time Reference="We_1"/>
	  </Event>
	  <Event Reference="C5A_TEL1">
	    <Duration>2</Duration>
	    <Time Reference="Th_5"/>
	  </Event>
	  <Event Reference="C3B_LET2">
	    <Duration>1</Duration>
	    <Time Reference="Th_5"/>
	  </Event>
	  <Event Reference="C3B_LET2">
	    <Duration>1</Duration>
	    <Time Reference="Sa_3"/>
	  </Event>
	  <Event Reference="C3B_LET2">
	    <Duration>1</Duration>
	    <Time Reference="Fr_3"/>
	  </Event>
	  <Event Reference="C3B_LET2">
	    <Duration>1</Duration>
	    <Time Reference="Mo_3"/>
	  </Event>
	  <Event Reference="C3B_LET2">
	    <Duration>2</Duration>
	    <Time Reference="We_4"/>
	  </Event>
	  <Event Reference="C4B_LET2">
	    <Duration>1</Duration>
	    <Time Reference="We_6"/>
	  </Event>
	  <Event Reference="C4B_LET2">
	    <Duration>1</Duration>
	    <Time Reference="Th_6"/>
	  </Event>
	  <Event Reference="C4B_LET2">
	    <Duration>2</Duration>
	    <Time Reference="Sa_1"/>
	  </Event>
	  <Event Reference="C4B_LET2">
	    <Duration>2</Duration>
	    <Time Reference="Fr_5"/>
	  </Event>
	  <Event Reference="C5B_LET2">
	    <Duration>1</Duration>
	    <Time Reference="We_3"/>
	  </Event>
	  <Event Reference="C5B_LET2">
	    <Duration>1</Duration>
	    <Time Reference="Th_4"/>
	  </Event>
	  <Event Reference="C5B_LET2">
	    <Duration>2</Duration>
	    <Time Reference="Fr_1"/>
	  </Event>
	  <Event Reference="C5B_LET2">
	    <Duration>2</Duration>
	    <Time Reference="Mo_1"/>
	  </Event>
	  <Event Reference="C3B_INF2">
	    <Duration>2</Duration>
	    <Time Reference="Tu_1"/>
	  </Event>
	  <Event Reference="C3B_INF2">
	    <Duration>2</Duration>
	    <Time Reference="Mo_1"/>
	  </Event>
	  <Event Reference="C3B_INF2">
	    <Duration>2</Duration>
	    <Time Reference="Th_2"/>
	  </Event>
	  <Event Reference="C4B_INF2">
	    <Duration>2</Duration>
	    <Time Reference="Sa_3"/>
	  </Event>
	  <Event Reference="C4B_INF2">
	    <Duration>2</Duration>
	    <Time Reference="Fr_1"/>
	  </Event>
	  <Event Reference="C4B_INF2">
	    <Duration>2</Duration>
	    <Time Reference="Mo_5"/>
	  </Event>
	  <Event Reference="C5B_INF2">
	    <Duration>1</Duration>
	    <Time Reference="Fr_3"/>
	  </Event>
	  <Event Reference="C5B_INF2">
	    <Duration>1</Duration>
	    <Time Reference="Th_1"/>
	  </Event>
	  <Event Reference="C5B_INF2">
	    <Duration>1</Duration>
	    <Time Reference="Mo_4"/>
	  </Event>
	  <Event Reference="C5B_INF2">
	    <Duration>1</Duration>
	    <Time Reference="Tu_3"/>
	  </Event>
	  <Event Reference="C5B_INF2">
	    <Duration>2</Duration>
	    <Time Reference="Sa_5"/>
	  </Event>
	  <Event Reference="C3B_SIS2">
	    <Duration>1</Duration>
	    <Time Reference="We_6"/>
	  </Event>
	  <Event Reference="C3B_SIS2">
	    <Duration>1</Duration>
	    <Time Reference="Tu_6"/>
	  </Event>
	  <Event Reference="C3B_SIS2">
	    <Duration>2</Duration>
	    <Time Reference="Fr_1"/>
	  </Event>
	  <Event Reference="C3B_SIS2">
	    <Duration>2</Duration>
	    <Time Reference="Sa_1"/>
	  </Event>
	  <Event Reference="C4B_SIS2">
	    <Duration>1</Duration>
	    <Time Reference="Tu_5"/>
	  </Event>
	  <Event Reference="C4B_SIS2">
	    <Duration>1</Duration>
	    <Time Reference="Fr_3"/>
	  </Event>
	  <Event Reference="C4B_SIS2">
	    <Duration>2</Duration>
	    <Time Reference="We_1"/>
	  </Event>
	  <Event Reference="C4B_SIS2">
	    <Duration>2</Duration>
	    <Time Reference="Mo_1"/>
	  </Event>
	  <Event Reference="C5B_SIS2">
	    <Duration>1</Duration>
	    <Time Reference="Mo_3"/>
	  </Event>
	  <Event Reference="C5B_SIS2">
	    <Duration>1</Duration>
	    <Time Reference="Sa_3"/>
	  </Event>
	  <Event Reference="C5B_SIS2">
	    <Duration>1</Duration>
	    <Time Reference="Tu_4"/>
	  </Event>
	  <Event Reference="C5B_SIS2">
	    <Duration>1</Duration>
	    <Time Reference="Fr_4"/>
	  </Event>
	  <Event Reference="C5B_SIS2">
	    <Duration>2</Duration>
	    <Time Reference="We_4"/>
	  </Event>
	  <Event Reference="C3B_MAT2">
	    <Duration>1</Duration>
	    <Time Reference="Sa_6"/>
	  </Event>
	  <Event Reference="C3B_MAT2">
	    <Duration>1</Duration>
	    <Time Reference="Th_6"/>
	  </Event>
	  <Event Reference="C3B_MAT2">
	    <Duration>2</Duration>
	    <Time Reference="Tu_4"/>
	  </Event>
	  <Event Reference="C3B_MAT2">
	    <Duration>2</Duration>
	    <Time Reference="Mo_4"/>
	  </Event>
	  <Event Reference="C4B_MAT2">
	    <Duration>1</Duration>
	    <Time Reference="Sa_5"/>
	  </Event>
	  <Event Reference="C4B_MAT2">
	    <Duration>1</Duration>
	    <Time Reference="Tu_6"/>
	  </Event>
	  <Event Reference="C4B_MAT2">
	    <Duration>2</Duration>
	    <Time Reference="Th_4"/>
	  </Event>
	  <Event Reference="C4B_MAT2">
	    <Duration>2</Duration>
	    <Time Reference="We_4"/>
	  </Event>
	  <Event Reference="C5B_MAT2">
	    <Duration>1</Duration>
	    <Time Reference="Sa_4"/>
	  </Event>
	  <Event Reference="C5B_MAT2">
	    <Duration>1</Duration>
	    <Time Reference="Th_3"/>
	  </Event>
	  <Event Reference="C5B_MAT2">
	    <Duration>1</Duration>
	    <Time Reference="We_6"/>
	  </Event>
	  <Event Reference="C5B_MAT2">
	    <Duration>1</Duration>
	    <Time Reference="Mo_6"/>
	  </Event>
	  <Event Reference="C5B_MAT2">
	    <Duration>2</Duration>
	    <Time Reference="Tu_1"/>
	  </Event>
	  <Event Reference="C3B_TEL2">
	    <Duration>1</Duration>
	    <Time Reference="We_3"/>
	  </Event>
	  <Event Reference="C3B_TEL2">
	    <Duration>1</Duration>
	    <Time Reference="Mo_6"/>
	  </Event>
	  <Event Reference="C3B_TEL2">
	    <Duration>1</Duration>
	    <Time Reference="Th_4"/>
	  </Event>
	  <Event Reference="C3B_TEL2">
	    <Duration>1</Duration>
	    <Time Reference="Tu_3"/>
	  </Event>
	  <Event Reference="C3B_TEL2">
	    <Duration>2</Duration>
	    <Time Reference="Fr_4"/>
	  </Event>
	  <Event Reference="C4B_TEL2">
	    <Duration>2</Duration>
	    <Time Reference="Mo_3"/>
	  </Event>
	  <Event Reference="C4B_TEL2">
	    <Duration>2</Duration>
	    <Time Reference="Tu_1"/>
	  </Event>
	  <Event Reference="C4B_TEL2">
	    <Duration>2</Duration>
	    <Time Reference="Th_1"/>
	  </Event>
	  <Event Reference="C5B_TEL2">
	    <Duration>1</Duration>
	    <Time Reference="Mo_5"/>
	  </Event>
	  <Event Reference="C5B_TEL2">
	    <Duration>1</Duration>
	    <Time Reference="Fr_6"/>
	  </Event>
	  <Event Reference="C5B_TEL2">
	    <Duration>2</Duration>
	    <Time Reference="We_1"/>
	  </Event>
	  <Event Reference="C5B_TEL2">
	    <Duration>2</Duration>
	    <Time Reference="Th_5"/>
	  </Event>
        </Events>
      </Solution>
    </SolutionGroup>
  </SolutionGroups>
</HighSchoolTimetableArchive>

