<HighSchoolTimetableArchive>
  <Instances>
    <Instance Id="DonDiana_5_Classi-TAB6">
      <MetaData>
        <Name>DonDiana_5_Classi-TAB6</Name>
        <Contributor>Claudio Crobu</Contributor>
        <Date>01/12/2022 22:24:51 172</Date>
        <Country>Italy</Country>
        <Description>Dataset created automatically by IHSTP OPL model</Description>
      </MetaData>
      <Times>
        <TimeGroups>
          <Day Id="gr_Mo">
            <Name>Mo</Name>
          </Day>
          <Day Id="gr_Tu">
            <Name>Tu</Name>
          </Day>
          <Day Id="gr_We">
            <Name>We</Name>
          </Day>
          <Day Id="gr_Th">
            <Name>Th</Name>
          </Day>
          <Day Id="gr_Fr">
            <Name>Fr</Name>
          </Day>
          <Day Id="gr_Sa">
            <Name>Sa</Name>
          </Day>
          <TimeGroup Id="gr_TimesDurationTwo">
            <Name>TimesDurationTwo</Name>
          </TimeGroup>
          <TimeGroup Id="gr_LastTimes">
            <Name>Last times of day</Name>
          </TimeGroup>
          <TimeGroup Id="gr_Mo_1">
            <Name>Mo_1</Name>
          </TimeGroup>
          <TimeGroup Id="gr_Mo_2">
            <Name>Mo_2</Name>
          </TimeGroup>
          <TimeGroup Id="gr_Mo_3">
            <Name>Mo_3</Name>
          </TimeGroup>
          <TimeGroup Id="gr_Mo_4">
            <Name>Mo_4</Name>
          </TimeGroup>
          <TimeGroup Id="gr_Mo_5">
            <Name>Mo_5</Name>
          </TimeGroup>
          <TimeGroup Id="gr_Tu_1">
            <Name>Tu_1</Name>
          </TimeGroup>
          <TimeGroup Id="gr_Tu_2">
            <Name>Tu_2</Name>
          </TimeGroup>
          <TimeGroup Id="gr_Tu_3">
            <Name>Tu_3</Name>
          </TimeGroup>
          <TimeGroup Id="gr_Tu_4">
            <Name>Tu_4</Name>
          </TimeGroup>
          <TimeGroup Id="gr_Tu_5">
            <Name>Tu_5</Name>
          </TimeGroup>
          <TimeGroup Id="gr_We_1">
            <Name>We_1</Name>
          </TimeGroup>
          <TimeGroup Id="gr_We_2">
            <Name>We_2</Name>
          </TimeGroup>
          <TimeGroup Id="gr_We_3">
            <Name>We_3</Name>
          </TimeGroup>
          <TimeGroup Id="gr_We_4">
            <Name>We_4</Name>
          </TimeGroup>
          <TimeGroup Id="gr_We_5">
            <Name>We_5</Name>
          </TimeGroup>
          <TimeGroup Id="gr_Th_1">
            <Name>Th_1</Name>
          </TimeGroup>
          <TimeGroup Id="gr_Th_2">
            <Name>Th_2</Name>
          </TimeGroup>
          <TimeGroup Id="gr_Th_3">
            <Name>Th_3</Name>
          </TimeGroup>
          <TimeGroup Id="gr_Th_4">
            <Name>Th_4</Name>
          </TimeGroup>
          <TimeGroup Id="gr_Th_5">
            <Name>Th_5</Name>
          </TimeGroup>
          <TimeGroup Id="gr_Fr_1">
            <Name>Fr_1</Name>
          </TimeGroup>
          <TimeGroup Id="gr_Fr_2">
            <Name>Fr_2</Name>
          </TimeGroup>
          <TimeGroup Id="gr_Fr_3">
            <Name>Fr_3</Name>
          </TimeGroup>
          <TimeGroup Id="gr_Fr_4">
            <Name>Fr_4</Name>
          </TimeGroup>
          <TimeGroup Id="gr_Fr_5">
            <Name>Fr_5</Name>
          </TimeGroup>
          <TimeGroup Id="gr_Sa_1">
            <Name>Sa_1</Name>
          </TimeGroup>
          <TimeGroup Id="gr_Sa_2">
            <Name>Sa_2</Name>
          </TimeGroup>
          <TimeGroup Id="gr_Sa_3">
            <Name>Sa_3</Name>
          </TimeGroup>
          <TimeGroup Id="gr_Sa_4">
            <Name>Sa_4</Name>
          </TimeGroup>
          <TimeGroup Id="gr_Sa_5">
            <Name>Sa_5</Name>
          </TimeGroup>
        </TimeGroups>
        <Time Id="Mo_1">
          <Name>Mo_1</Name>
          <Day Reference="gr_Mo"/>
          <TimeGroups>
            <TimeGroup Reference="gr_Mo_1"/>
            <TimeGroup Reference="gr_TimesDurationTwo"/>
          </TimeGroups>
        </Time>
        <Time Id="Mo_2">
          <Name>Mo_2</Name>
          <Day Reference="gr_Mo"/>
          <TimeGroups>
            <TimeGroup Reference="gr_Mo_2"/>
            <TimeGroup Reference="gr_TimesDurationTwo"/>
          </TimeGroups>
        </Time>
        <Time Id="Mo_3">
          <Name>Mo_3</Name>
          <Day Reference="gr_Mo"/>
          <TimeGroups>
            <TimeGroup Reference="gr_Mo_3"/>
            <TimeGroup Reference="gr_TimesDurationTwo"/>
          </TimeGroups>
        </Time>
        <Time Id="Mo_4">
          <Name>Mo_4</Name>
          <Day Reference="gr_Mo"/>
          <TimeGroups>
            <TimeGroup Reference="gr_Mo_4"/>
            <TimeGroup Reference="gr_TimesDurationTwo"/>
          </TimeGroups>
        </Time>
        <Time Id="Mo_5">
          <Name>Mo_5</Name>
          <Day Reference="gr_Mo"/>
          <TimeGroups>
            <TimeGroup Reference="gr_Mo_5"/>
            <TimeGroup Reference="gr_LastTimes"/>
          </TimeGroups>
        </Time>
        <Time Id="Tu_1">
          <Name>Tu_1</Name>
          <Day Reference="gr_Tu"/>
          <TimeGroups>
            <TimeGroup Reference="gr_Tu_1"/>
            <TimeGroup Reference="gr_TimesDurationTwo"/>
          </TimeGroups>
        </Time>
        <Time Id="Tu_2">
          <Name>Tu_2</Name>
          <Day Reference="gr_Tu"/>
          <TimeGroups>
            <TimeGroup Reference="gr_Tu_2"/>
            <TimeGroup Reference="gr_TimesDurationTwo"/>
          </TimeGroups>
        </Time>
        <Time Id="Tu_3">
          <Name>Tu_3</Name>
          <Day Reference="gr_Tu"/>
          <TimeGroups>
            <TimeGroup Reference="gr_Tu_3"/>
            <TimeGroup Reference="gr_TimesDurationTwo"/>
          </TimeGroups>
        </Time>
        <Time Id="Tu_4">
          <Name>Tu_4</Name>
          <Day Reference="gr_Tu"/>
          <TimeGroups>
            <TimeGroup Reference="gr_Tu_4"/>
            <TimeGroup Reference="gr_TimesDurationTwo"/>
          </TimeGroups>
        </Time>
        <Time Id="Tu_5">
          <Name>Tu_5</Name>
          <Day Reference="gr_Tu"/>
          <TimeGroups>
            <TimeGroup Reference="gr_Tu_5"/>
            <TimeGroup Reference="gr_LastTimes"/>
          </TimeGroups>
        </Time>
        <Time Id="We_1">
          <Name>We_1</Name>
          <Day Reference="gr_We"/>
          <TimeGroups>
            <TimeGroup Reference="gr_We_1"/>
            <TimeGroup Reference="gr_TimesDurationTwo"/>
          </TimeGroups>
        </Time>
        <Time Id="We_2">
          <Name>We_2</Name>
          <Day Reference="gr_We"/>
          <TimeGroups>
            <TimeGroup Reference="gr_We_2"/>
            <TimeGroup Reference="gr_TimesDurationTwo"/>
          </TimeGroups>
        </Time>
        <Time Id="We_3">
          <Name>We_3</Name>
          <Day Reference="gr_We"/>
          <TimeGroups>
            <TimeGroup Reference="gr_We_3"/>
            <TimeGroup Reference="gr_TimesDurationTwo"/>
          </TimeGroups>
        </Time>
        <Time Id="We_4">
          <Name>We_4</Name>
          <Day Reference="gr_We"/>
          <TimeGroups>
            <TimeGroup Reference="gr_We_4"/>
            <TimeGroup Reference="gr_TimesDurationTwo"/>
          </TimeGroups>
        </Time>
        <Time Id="We_5">
          <Name>We_5</Name>
          <Day Reference="gr_We"/>
          <TimeGroups>
            <TimeGroup Reference="gr_We_5"/>
            <TimeGroup Reference="gr_LastTimes"/>
          </TimeGroups>
        </Time>
        <Time Id="Th_1">
          <Name>Th_1</Name>
          <Day Reference="gr_Th"/>
          <TimeGroups>
            <TimeGroup Reference="gr_Th_1"/>
            <TimeGroup Reference="gr_TimesDurationTwo"/>
          </TimeGroups>
        </Time>
        <Time Id="Th_2">
          <Name>Th_2</Name>
          <Day Reference="gr_Th"/>
          <TimeGroups>
            <TimeGroup Reference="gr_Th_2"/>
            <TimeGroup Reference="gr_TimesDurationTwo"/>
          </TimeGroups>
        </Time>
        <Time Id="Th_3">
          <Name>Th_3</Name>
          <Day Reference="gr_Th"/>
          <TimeGroups>
            <TimeGroup Reference="gr_Th_3"/>
            <TimeGroup Reference="gr_TimesDurationTwo"/>
          </TimeGroups>
        </Time>
        <Time Id="Th_4">
          <Name>Th_4</Name>
          <Day Reference="gr_Th"/>
          <TimeGroups>
            <TimeGroup Reference="gr_Th_4"/>
            <TimeGroup Reference="gr_TimesDurationTwo"/>
          </TimeGroups>
        </Time>
        <Time Id="Th_5">
          <Name>Th_5</Name>
          <Day Reference="gr_Th"/>
          <TimeGroups>
            <TimeGroup Reference="gr_Th_5"/>
            <TimeGroup Reference="gr_LastTimes"/>
          </TimeGroups>
        </Time>
        <Time Id="Fr_1">
          <Name>Fr_1</Name>
          <Day Reference="gr_Fr"/>
          <TimeGroups>
            <TimeGroup Reference="gr_Fr_1"/>
            <TimeGroup Reference="gr_TimesDurationTwo"/>
          </TimeGroups>
        </Time>
        <Time Id="Fr_2">
          <Name>Fr_2</Name>
          <Day Reference="gr_Fr"/>
          <TimeGroups>
            <TimeGroup Reference="gr_Fr_2"/>
            <TimeGroup Reference="gr_TimesDurationTwo"/>
          </TimeGroups>
        </Time>
        <Time Id="Fr_3">
          <Name>Fr_3</Name>
          <Day Reference="gr_Fr"/>
          <TimeGroups>
            <TimeGroup Reference="gr_Fr_3"/>
            <TimeGroup Reference="gr_TimesDurationTwo"/>
          </TimeGroups>
        </Time>
        <Time Id="Fr_4">
          <Name>Fr_4</Name>
          <Day Reference="gr_Fr"/>
          <TimeGroups>
            <TimeGroup Reference="gr_Fr_4"/>
            <TimeGroup Reference="gr_TimesDurationTwo"/>
          </TimeGroups>
        </Time>
        <Time Id="Fr_5">
          <Name>Fr_5</Name>
          <Day Reference="gr_Fr"/>
          <TimeGroups>
            <TimeGroup Reference="gr_Fr_5"/>
            <TimeGroup Reference="gr_LastTimes"/>
          </TimeGroups>
        </Time>
        <Time Id="Sa_1">
          <Name>Sa_1</Name>
          <Day Reference="gr_Sa"/>
          <TimeGroups>
            <TimeGroup Reference="gr_Sa_1"/>
            <TimeGroup Reference="gr_TimesDurationTwo"/>
          </TimeGroups>
        </Time>
        <Time Id="Sa_2">
          <Name>Sa_2</Name>
          <Day Reference="gr_Sa"/>
          <TimeGroups>
            <TimeGroup Reference="gr_Sa_2"/>
            <TimeGroup Reference="gr_TimesDurationTwo"/>
          </TimeGroups>
        </Time>
        <Time Id="Sa_3">
          <Name>Sa_3</Name>
          <Day Reference="gr_Sa"/>
          <TimeGroups>
            <TimeGroup Reference="gr_Sa_3"/>
            <TimeGroup Reference="gr_TimesDurationTwo"/>
          </TimeGroups>
        </Time>
        <Time Id="Sa_4">
          <Name>Sa_4</Name>
          <Day Reference="gr_Sa"/>
          <TimeGroups>
            <TimeGroup Reference="gr_Sa_4"/>
            <TimeGroup Reference="gr_TimesDurationTwo"/>
          </TimeGroups>
        </Time>
        <Time Id="Sa_5">
          <Name>Sa_5</Name>
          <Day Reference="gr_Sa"/>
          <TimeGroups>
            <TimeGroup Reference="gr_Sa_5"/>
            <TimeGroup Reference="gr_LastTimes"/>
          </TimeGroups>
        </Time>
      </Times>
      <Resources>
        <ResourceTypes>
          <ResourceType Id="Teacher">
            <Name>Teacher</Name>
          </ResourceType>
          <ResourceType Id="Class">
            <Name>Class</Name>
          </ResourceType>
        </ResourceTypes>
        <ResourceGroups>
          <ResourceGroup Id="gr_Teachers">
            <Name>allTeachers</Name>
            <ResourceType Reference="Teacher"/>
          </ResourceGroup>
          <ResourceGroup Id="gr_Classes">
            <Name>allClasses</Name>
            <ResourceType Reference="Class"/>
          </ResourceGroup>
        </ResourceGroups>
        <Resource Id="ART3">
          <Name>ART3</Name>
          <ResourceType Reference="Teacher"/>
          <ResourceGroups>
            <ResourceGroup Reference="gr_Teachers"/>
          </ResourceGroups>
        </Resource>
        <Resource Id="MUS3">
          <Name>MUS3</Name>
          <ResourceType Reference="Teacher"/>
          <ResourceGroups>
            <ResourceGroup Reference="gr_Teachers"/>
          </ResourceGroups>
        </Resource>
        <Resource Id="FRA3">
          <Name>FRA3</Name>
          <ResourceType Reference="Teacher"/>
          <ResourceGroups>
            <ResourceGroup Reference="gr_Teachers"/>
          </ResourceGroups>
        </Resource>
        <Resource Id="IC2">
          <Name>IC2</Name>
          <ResourceType Reference="Teacher"/>
          <ResourceGroups>
            <ResourceGroup Reference="gr_Teachers"/>
          </ResourceGroups>
        </Resource>
        <Resource Id="ING3">
          <Name>ING3</Name>
          <ResourceType Reference="Teacher"/>
          <ResourceGroups>
            <ResourceGroup Reference="gr_Teachers"/>
          </ResourceGroups>
        </Resource>
        <Resource Id="ITG10">
          <Name>ITG10</Name>
          <ResourceType Reference="Teacher"/>
          <ResourceGroups>
            <ResourceGroup Reference="gr_Teachers"/>
          </ResourceGroups>
        </Resource>
        <Resource Id="ITG13">
          <Name>ITG13</Name>
          <ResourceType Reference="Teacher"/>
          <ResourceGroups>
            <ResourceGroup Reference="gr_Teachers"/>
          </ResourceGroups>
        </Resource>
        <Resource Id="MATS7">
          <Name>MATS7</Name>
          <ResourceType Reference="Teacher"/>
          <ResourceGroups>
            <ResourceGroup Reference="gr_Teachers"/>
          </ResourceGroups>
        </Resource>
        <Resource Id="SCMOT3">
          <Name>SCMOT3</Name>
          <ResourceType Reference="Teacher"/>
          <ResourceGroups>
            <ResourceGroup Reference="gr_Teachers"/>
          </ResourceGroups>
        </Resource>
        <Resource Id="TEC1">
          <Name>TEC1</Name>
          <ResourceType Reference="Teacher"/>
          <ResourceGroups>
            <ResourceGroup Reference="gr_Teachers"/>
          </ResourceGroups>
        </Resource>
        <Resource Id="ITG4">
          <Name>ITG4</Name>
          <ResourceType Reference="Teacher"/>
          <ResourceGroups>
            <ResourceGroup Reference="gr_Teachers"/>
          </ResourceGroups>
        </Resource>
        <Resource Id="ART4">
          <Name>ART4</Name>
          <ResourceType Reference="Teacher"/>
          <ResourceGroups>
            <ResourceGroup Reference="gr_Teachers"/>
          </ResourceGroups>
        </Resource>
        <Resource Id="MATS8">
          <Name>MATS8</Name>
          <ResourceType Reference="Teacher"/>
          <ResourceGroups>
            <ResourceGroup Reference="gr_Teachers"/>
          </ResourceGroups>
        </Resource>
        <Resource Id="C1G">
          <Name>C1G</Name>
          <ResourceType Reference="Class"/>
          <ResourceGroups>
            <ResourceGroup Reference="gr_Classes"/>
          </ResourceGroups>
        </Resource>
        <Resource Id="C2G">
          <Name>C2G</Name>
          <ResourceType Reference="Class"/>
          <ResourceGroups>
            <ResourceGroup Reference="gr_Classes"/>
          </ResourceGroups>
        </Resource>
        <Resource Id="C3G">
          <Name>C3G</Name>
          <ResourceType Reference="Class"/>
          <ResourceGroups>
            <ResourceGroup Reference="gr_Classes"/>
          </ResourceGroups>
        </Resource>
        <Resource Id="C2H">
          <Name>C2H</Name>
          <ResourceType Reference="Class"/>
          <ResourceGroups>
            <ResourceGroup Reference="gr_Classes"/>
          </ResourceGroups>
        </Resource>
        <Resource Id="C2I">
          <Name>C2I</Name>
          <ResourceType Reference="Class"/>
          <ResourceGroups>
            <ResourceGroup Reference="gr_Classes"/>
          </ResourceGroups>
        </Resource>
      </Resources>
      <Events>
        <EventGroups>
          <Course Id="gr_C1G_ART">
            <Name>C1G_ART</Name>
          </Course>
          <Course Id="gr_C1G_MUS">
            <Name>C1G_MUS</Name>
          </Course>
          <Course Id="gr_C1G_FRA">
            <Name>C1G_FRA</Name>
          </Course>
          <Course Id="gr_C1G_IC">
            <Name>C1G_IC</Name>
          </Course>
          <Course Id="gr_C1G_ING">
            <Name>C1G_ING</Name>
          </Course>
          <Course Id="gr_C1G_ITA">
            <Name>C1G_ITA</Name>
          </Course>
          <Course Id="gr_C1G_GEOS">
            <Name>C1G_GEOS</Name>
          </Course>
          <Course Id="gr_C1G_MATS">
            <Name>C1G_MATS</Name>
          </Course>
          <Course Id="gr_C1G_SCMOT">
            <Name>C1G_SCMOT</Name>
          </Course>
          <Course Id="gr_C1G_TEC">
            <Name>C1G_TEC</Name>
          </Course>
          <Course Id="gr_C2G_ART">
            <Name>C2G_ART</Name>
          </Course>
          <Course Id="gr_C2G_MUS">
            <Name>C2G_MUS</Name>
          </Course>
          <Course Id="gr_C2G_FRA">
            <Name>C2G_FRA</Name>
          </Course>
          <Course Id="gr_C2G_IC">
            <Name>C2G_IC</Name>
          </Course>
          <Course Id="gr_C2G_ING">
            <Name>C2G_ING</Name>
          </Course>
          <Course Id="gr_C2G_ITA">
            <Name>C2G_ITA</Name>
          </Course>
          <Course Id="gr_C2G_GEOS">
            <Name>C2G_GEOS</Name>
          </Course>
          <Course Id="gr_C2G_MATS">
            <Name>C2G_MATS</Name>
          </Course>
          <Course Id="gr_C2G_SCMOT">
            <Name>C2G_SCMOT</Name>
          </Course>
          <Course Id="gr_C2G_TEC">
            <Name>C2G_TEC</Name>
          </Course>
          <Course Id="gr_C3G_ART">
            <Name>C3G_ART</Name>
          </Course>
          <Course Id="gr_C3G_MUS">
            <Name>C3G_MUS</Name>
          </Course>
          <Course Id="gr_C3G_FRA">
            <Name>C3G_FRA</Name>
          </Course>
          <Course Id="gr_C3G_IC">
            <Name>C3G_IC</Name>
          </Course>
          <Course Id="gr_C3G_ING">
            <Name>C3G_ING</Name>
          </Course>
          <Course Id="gr_C3G_ITA">
            <Name>C3G_ITA</Name>
          </Course>
          <Course Id="gr_C3G_GEOS">
            <Name>C3G_GEOS</Name>
          </Course>
          <Course Id="gr_C3G_MATS">
            <Name>C3G_MATS</Name>
          </Course>
          <Course Id="gr_C3G_SCMOT">
            <Name>C3G_SCMOT</Name>
          </Course>
          <Course Id="gr_C3G_TEC">
            <Name>C3G_TEC</Name>
          </Course>
          <Course Id="gr_C2H_ART">
            <Name>C2H_ART</Name>
          </Course>
          <Course Id="gr_C2H_MUS">
            <Name>C2H_MUS</Name>
          </Course>
          <Course Id="gr_C2H_FRA">
            <Name>C2H_FRA</Name>
          </Course>
          <Course Id="gr_C2H_IC">
            <Name>C2H_IC</Name>
          </Course>
          <Course Id="gr_C2H_ING">
            <Name>C2H_ING</Name>
          </Course>
          <Course Id="gr_C2H_ITA">
            <Name>C2H_ITA</Name>
          </Course>
          <Course Id="gr_C2H_GEOS">
            <Name>C2H_GEOS</Name>
          </Course>
          <Course Id="gr_C2H_MATS">
            <Name>C2H_MATS</Name>
          </Course>
          <Course Id="gr_C2H_SCMOT">
            <Name>C2H_SCMOT</Name>
          </Course>
          <Course Id="gr_C2H_TEC">
            <Name>C2H_TEC</Name>
          </Course>
          <Course Id="gr_C2I_ART">
            <Name>C2I_ART</Name>
          </Course>
          <Course Id="gr_C2I_MUS">
            <Name>C2I_MUS</Name>
          </Course>
          <Course Id="gr_C2I_FRA">
            <Name>C2I_FRA</Name>
          </Course>
          <Course Id="gr_C2I_IC">
            <Name>C2I_IC</Name>
          </Course>
          <Course Id="gr_C2I_ING">
            <Name>C2I_ING</Name>
          </Course>
          <Course Id="gr_C2I_ITA">
            <Name>C2I_ITA</Name>
          </Course>
          <Course Id="gr_C2I_GEOS">
            <Name>C2I_GEOS</Name>
          </Course>
          <Course Id="gr_C2I_MATS">
            <Name>C2I_MATS</Name>
          </Course>
          <Course Id="gr_C2I_SCMOT">
            <Name>C2I_SCMOT</Name>
          </Course>
          <Course Id="gr_C2I_TEC">
            <Name>C2I_TEC</Name>
          </Course>
          <EventGroup Id="gr_AllEvents">
            <Name>AllEvents</Name>
          </EventGroup>
        </EventGroups>
        <Event Id="C1G_ART">
          <Name>C1G_ART</Name>
          <Duration>2</Duration>
          <Course Reference="gr_C1G_ART"/>
          <Resources>
            <Resource Reference="C1G">
              <Role>Class</Role>
              <ResourceType Reference="Class"/>
            </Resource>
            <Resource Reference="ART3">
              <Role>Teacher</Role>
              <ResourceType Reference="Teacher"/>
            </Resource>
          </Resources>
          <EventGroups>
            <EventGroup Reference="gr_AllEvents"/>
          </EventGroups>
        </Event>
        <Event Id="C1G_MUS">
          <Name>C1G_MUS</Name>
          <Duration>2</Duration>
          <Course Reference="gr_C1G_MUS"/>
          <Resources>
            <Resource Reference="C1G">
              <Role>Class</Role>
              <ResourceType Reference="Class"/>
            </Resource>
            <Resource Reference="MUS3">
              <Role>Teacher</Role>
              <ResourceType Reference="Teacher"/>
            </Resource>
          </Resources>
          <EventGroups>
            <EventGroup Reference="gr_AllEvents"/>
          </EventGroups>
        </Event>
        <Event Id="C1G_FRA">
          <Name>C1G_FRA</Name>
          <Duration>2</Duration>
          <Course Reference="gr_C1G_FRA"/>
          <Resources>
            <Resource Reference="C1G">
              <Role>Class</Role>
              <ResourceType Reference="Class"/>
            </Resource>
            <Resource Reference="FRA3">
              <Role>Teacher</Role>
              <ResourceType Reference="Teacher"/>
            </Resource>
          </Resources>
          <EventGroups>
            <EventGroup Reference="gr_AllEvents"/>
          </EventGroups>
        </Event>
        <Event Id="C1G_IC">
          <Name>C1G_IC</Name>
          <Duration>1</Duration>
          <Course Reference="gr_C1G_IC"/>
          <Resources>
            <Resource Reference="C1G">
              <Role>Class</Role>
              <ResourceType Reference="Class"/>
            </Resource>
            <Resource Reference="IC2">
              <Role>Teacher</Role>
              <ResourceType Reference="Teacher"/>
            </Resource>
          </Resources>
          <EventGroups>
            <EventGroup Reference="gr_AllEvents"/>
          </EventGroups>
        </Event>
        <Event Id="C1G_ING">
          <Name>C1G_ING</Name>
          <Duration>3</Duration>
          <Course Reference="gr_C1G_ING"/>
          <Resources>
            <Resource Reference="C1G">
              <Role>Class</Role>
              <ResourceType Reference="Class"/>
            </Resource>
            <Resource Reference="ING3">
              <Role>Teacher</Role>
              <ResourceType Reference="Teacher"/>
            </Resource>
          </Resources>
          <EventGroups>
            <EventGroup Reference="gr_AllEvents"/>
          </EventGroups>
        </Event>
        <Event Id="C1G_ITA">
          <Name>C1G_ITA</Name>
          <Duration>6</Duration>
          <Course Reference="gr_C1G_ITA"/>
          <Resources>
            <Resource Reference="C1G">
              <Role>Class</Role>
              <ResourceType Reference="Class"/>
            </Resource>
            <Resource Reference="ITG10">
              <Role>Teacher</Role>
              <ResourceType Reference="Teacher"/>
            </Resource>
          </Resources>
          <EventGroups>
            <EventGroup Reference="gr_AllEvents"/>
          </EventGroups>
        </Event>
        <Event Id="C1G_GEOS">
          <Name>C1G_GEOS</Name>
          <Duration>4</Duration>
          <Course Reference="gr_C1G_GEOS"/>
          <Resources>
            <Resource Reference="C1G">
              <Role>Class</Role>
              <ResourceType Reference="Class"/>
            </Resource>
            <Resource Reference="ITG13">
              <Role>Teacher</Role>
              <ResourceType Reference="Teacher"/>
            </Resource>
          </Resources>
          <EventGroups>
            <EventGroup Reference="gr_AllEvents"/>
          </EventGroups>
        </Event>
        <Event Id="C1G_MATS">
          <Name>C1G_MATS</Name>
          <Duration>6</Duration>
          <Course Reference="gr_C1G_MATS"/>
          <Resources>
            <Resource Reference="C1G">
              <Role>Class</Role>
              <ResourceType Reference="Class"/>
            </Resource>
            <Resource Reference="MATS7">
              <Role>Teacher</Role>
              <ResourceType Reference="Teacher"/>
            </Resource>
          </Resources>
          <EventGroups>
            <EventGroup Reference="gr_AllEvents"/>
          </EventGroups>
        </Event>
        <Event Id="C1G_SCMOT">
          <Name>C1G_SCMOT</Name>
          <Duration>2</Duration>
          <Course Reference="gr_C1G_SCMOT"/>
          <Resources>
            <Resource Reference="C1G">
              <Role>Class</Role>
              <ResourceType Reference="Class"/>
            </Resource>
            <Resource Reference="SCMOT3">
              <Role>Teacher</Role>
              <ResourceType Reference="Teacher"/>
            </Resource>
          </Resources>
          <EventGroups>
            <EventGroup Reference="gr_AllEvents"/>
          </EventGroups>
        </Event>
        <Event Id="C1G_TEC">
          <Name>C1G_TEC</Name>
          <Duration>2</Duration>
          <Course Reference="gr_C1G_TEC"/>
          <Resources>
            <Resource Reference="C1G">
              <Role>Class</Role>
              <ResourceType Reference="Class"/>
            </Resource>
            <Resource Reference="TEC1">
              <Role>Teacher</Role>
              <ResourceType Reference="Teacher"/>
            </Resource>
          </Resources>
          <EventGroups>
            <EventGroup Reference="gr_AllEvents"/>
          </EventGroups>
        </Event>
        <Event Id="C2G_ART">
          <Name>C2G_ART</Name>
          <Duration>2</Duration>
          <Course Reference="gr_C2G_ART"/>
          <Resources>
            <Resource Reference="C2G">
              <Role>Class</Role>
              <ResourceType Reference="Class"/>
            </Resource>
            <Resource Reference="ART3">
              <Role>Teacher</Role>
              <ResourceType Reference="Teacher"/>
            </Resource>
          </Resources>
          <EventGroups>
            <EventGroup Reference="gr_AllEvents"/>
          </EventGroups>
        </Event>
        <Event Id="C2G_MUS">
          <Name>C2G_MUS</Name>
          <Duration>2</Duration>
          <Course Reference="gr_C2G_MUS"/>
          <Resources>
            <Resource Reference="C2G">
              <Role>Class</Role>
              <ResourceType Reference="Class"/>
            </Resource>
            <Resource Reference="MUS3">
              <Role>Teacher</Role>
              <ResourceType Reference="Teacher"/>
            </Resource>
          </Resources>
          <EventGroups>
            <EventGroup Reference="gr_AllEvents"/>
          </EventGroups>
        </Event>
        <Event Id="C2G_FRA">
          <Name>C2G_FRA</Name>
          <Duration>2</Duration>
          <Course Reference="gr_C2G_FRA"/>
          <Resources>
            <Resource Reference="C2G">
              <Role>Class</Role>
              <ResourceType Reference="Class"/>
            </Resource>
            <Resource Reference="FRA3">
              <Role>Teacher</Role>
              <ResourceType Reference="Teacher"/>
            </Resource>
          </Resources>
          <EventGroups>
            <EventGroup Reference="gr_AllEvents"/>
          </EventGroups>
        </Event>
        <Event Id="C2G_IC">
          <Name>C2G_IC</Name>
          <Duration>1</Duration>
          <Course Reference="gr_C2G_IC"/>
          <Resources>
            <Resource Reference="C2G">
              <Role>Class</Role>
              <ResourceType Reference="Class"/>
            </Resource>
            <Resource Reference="IC2">
              <Role>Teacher</Role>
              <ResourceType Reference="Teacher"/>
            </Resource>
          </Resources>
          <EventGroups>
            <EventGroup Reference="gr_AllEvents"/>
          </EventGroups>
        </Event>
        <Event Id="C2G_ING">
          <Name>C2G_ING</Name>
          <Duration>3</Duration>
          <Course Reference="gr_C2G_ING"/>
          <Resources>
            <Resource Reference="C2G">
              <Role>Class</Role>
              <ResourceType Reference="Class"/>
            </Resource>
            <Resource Reference="ING3">
              <Role>Teacher</Role>
              <ResourceType Reference="Teacher"/>
            </Resource>
          </Resources>
          <EventGroups>
            <EventGroup Reference="gr_AllEvents"/>
          </EventGroups>
        </Event>
        <Event Id="C2G_ITA">
          <Name>C2G_ITA</Name>
          <Duration>6</Duration>
          <Course Reference="gr_C2G_ITA"/>
          <Resources>
            <Resource Reference="C2G">
              <Role>Class</Role>
              <ResourceType Reference="Class"/>
            </Resource>
            <Resource Reference="ITG10">
              <Role>Teacher</Role>
              <ResourceType Reference="Teacher"/>
            </Resource>
          </Resources>
          <EventGroups>
            <EventGroup Reference="gr_AllEvents"/>
          </EventGroups>
        </Event>
        <Event Id="C2G_GEOS">
          <Name>C2G_GEOS</Name>
          <Duration>4</Duration>
          <Course Reference="gr_C2G_GEOS"/>
          <Resources>
            <Resource Reference="C2G">
              <Role>Class</Role>
              <ResourceType Reference="Class"/>
            </Resource>
            <Resource Reference="ITG4">
              <Role>Teacher</Role>
              <ResourceType Reference="Teacher"/>
            </Resource>
          </Resources>
          <EventGroups>
            <EventGroup Reference="gr_AllEvents"/>
          </EventGroups>
        </Event>
        <Event Id="C2G_MATS">
          <Name>C2G_MATS</Name>
          <Duration>6</Duration>
          <Course Reference="gr_C2G_MATS"/>
          <Resources>
            <Resource Reference="C2G">
              <Role>Class</Role>
              <ResourceType Reference="Class"/>
            </Resource>
            <Resource Reference="MATS7">
              <Role>Teacher</Role>
              <ResourceType Reference="Teacher"/>
            </Resource>
          </Resources>
          <EventGroups>
            <EventGroup Reference="gr_AllEvents"/>
          </EventGroups>
        </Event>
        <Event Id="C2G_SCMOT">
          <Name>C2G_SCMOT</Name>
          <Duration>2</Duration>
          <Course Reference="gr_C2G_SCMOT"/>
          <Resources>
            <Resource Reference="C2G">
              <Role>Class</Role>
              <ResourceType Reference="Class"/>
            </Resource>
            <Resource Reference="SCMOT3">
              <Role>Teacher</Role>
              <ResourceType Reference="Teacher"/>
            </Resource>
          </Resources>
          <EventGroups>
            <EventGroup Reference="gr_AllEvents"/>
          </EventGroups>
        </Event>
        <Event Id="C2G_TEC">
          <Name>C2G_TEC</Name>
          <Duration>2</Duration>
          <Course Reference="gr_C2G_TEC"/>
          <Resources>
            <Resource Reference="C2G">
              <Role>Class</Role>
              <ResourceType Reference="Class"/>
            </Resource>
            <Resource Reference="TEC1">
              <Role>Teacher</Role>
              <ResourceType Reference="Teacher"/>
            </Resource>
          </Resources>
          <EventGroups>
            <EventGroup Reference="gr_AllEvents"/>
          </EventGroups>
        </Event>
        <Event Id="C3G_ART">
          <Name>C3G_ART</Name>
          <Duration>2</Duration>
          <Course Reference="gr_C3G_ART"/>
          <Resources>
            <Resource Reference="C3G">
              <Role>Class</Role>
              <ResourceType Reference="Class"/>
            </Resource>
            <Resource Reference="ART3">
              <Role>Teacher</Role>
              <ResourceType Reference="Teacher"/>
            </Resource>
          </Resources>
          <EventGroups>
            <EventGroup Reference="gr_AllEvents"/>
          </EventGroups>
        </Event>
        <Event Id="C3G_MUS">
          <Name>C3G_MUS</Name>
          <Duration>2</Duration>
          <Course Reference="gr_C3G_MUS"/>
          <Resources>
            <Resource Reference="C3G">
              <Role>Class</Role>
              <ResourceType Reference="Class"/>
            </Resource>
            <Resource Reference="MUS3">
              <Role>Teacher</Role>
              <ResourceType Reference="Teacher"/>
            </Resource>
          </Resources>
          <EventGroups>
            <EventGroup Reference="gr_AllEvents"/>
          </EventGroups>
        </Event>
        <Event Id="C3G_FRA">
          <Name>C3G_FRA</Name>
          <Duration>2</Duration>
          <Course Reference="gr_C3G_FRA"/>
          <Resources>
            <Resource Reference="C3G">
              <Role>Class</Role>
              <ResourceType Reference="Class"/>
            </Resource>
            <Resource Reference="FRA3">
              <Role>Teacher</Role>
              <ResourceType Reference="Teacher"/>
            </Resource>
          </Resources>
          <EventGroups>
            <EventGroup Reference="gr_AllEvents"/>
          </EventGroups>
        </Event>
        <Event Id="C3G_IC">
          <Name>C3G_IC</Name>
          <Duration>1</Duration>
          <Course Reference="gr_C3G_IC"/>
          <Resources>
            <Resource Reference="C3G">
              <Role>Class</Role>
              <ResourceType Reference="Class"/>
            </Resource>
            <Resource Reference="IC2">
              <Role>Teacher</Role>
              <ResourceType Reference="Teacher"/>
            </Resource>
          </Resources>
          <EventGroups>
            <EventGroup Reference="gr_AllEvents"/>
          </EventGroups>
        </Event>
        <Event Id="C3G_ING">
          <Name>C3G_ING</Name>
          <Duration>3</Duration>
          <Course Reference="gr_C3G_ING"/>
          <Resources>
            <Resource Reference="C3G">
              <Role>Class</Role>
              <ResourceType Reference="Class"/>
            </Resource>
            <Resource Reference="ING3">
              <Role>Teacher</Role>
              <ResourceType Reference="Teacher"/>
            </Resource>
          </Resources>
          <EventGroups>
            <EventGroup Reference="gr_AllEvents"/>
          </EventGroups>
        </Event>
        <Event Id="C3G_ITA">
          <Name>C3G_ITA</Name>
          <Duration>6</Duration>
          <Course Reference="gr_C3G_ITA"/>
          <Resources>
            <Resource Reference="C3G">
              <Role>Class</Role>
              <ResourceType Reference="Class"/>
            </Resource>
            <Resource Reference="ITG10">
              <Role>Teacher</Role>
              <ResourceType Reference="Teacher"/>
            </Resource>
          </Resources>
          <EventGroups>
            <EventGroup Reference="gr_AllEvents"/>
          </EventGroups>
        </Event>
        <Event Id="C3G_GEOS">
          <Name>C3G_GEOS</Name>
          <Duration>4</Duration>
          <Course Reference="gr_C3G_GEOS"/>
          <Resources>
            <Resource Reference="C3G">
              <Role>Class</Role>
              <ResourceType Reference="Class"/>
            </Resource>
            <Resource Reference="ITG4">
              <Role>Teacher</Role>
              <ResourceType Reference="Teacher"/>
            </Resource>
          </Resources>
          <EventGroups>
            <EventGroup Reference="gr_AllEvents"/>
          </EventGroups>
        </Event>
        <Event Id="C3G_MATS">
          <Name>C3G_MATS</Name>
          <Duration>6</Duration>
          <Course Reference="gr_C3G_MATS"/>
          <Resources>
            <Resource Reference="C3G">
              <Role>Class</Role>
              <ResourceType Reference="Class"/>
            </Resource>
            <Resource Reference="MATS7">
              <Role>Teacher</Role>
              <ResourceType Reference="Teacher"/>
            </Resource>
          </Resources>
          <EventGroups>
            <EventGroup Reference="gr_AllEvents"/>
          </EventGroups>
        </Event>
        <Event Id="C3G_SCMOT">
          <Name>C3G_SCMOT</Name>
          <Duration>2</Duration>
          <Course Reference="gr_C3G_SCMOT"/>
          <Resources>
            <Resource Reference="C3G">
              <Role>Class</Role>
              <ResourceType Reference="Class"/>
            </Resource>
            <Resource Reference="SCMOT3">
              <Role>Teacher</Role>
              <ResourceType Reference="Teacher"/>
            </Resource>
          </Resources>
          <EventGroups>
            <EventGroup Reference="gr_AllEvents"/>
          </EventGroups>
        </Event>
        <Event Id="C3G_TEC">
          <Name>C3G_TEC</Name>
          <Duration>2</Duration>
          <Course Reference="gr_C3G_TEC"/>
          <Resources>
            <Resource Reference="C3G">
              <Role>Class</Role>
              <ResourceType Reference="Class"/>
            </Resource>
            <Resource Reference="TEC1">
              <Role>Teacher</Role>
              <ResourceType Reference="Teacher"/>
            </Resource>
          </Resources>
          <EventGroups>
            <EventGroup Reference="gr_AllEvents"/>
          </EventGroups>
        </Event>
        <Event Id="C2H_ART">
          <Name>C2H_ART</Name>
          <Duration>2</Duration>
          <Course Reference="gr_C2H_ART"/>
          <Resources>
            <Resource Reference="C2H">
              <Role>Class</Role>
              <ResourceType Reference="Class"/>
            </Resource>
            <Resource Reference="ART4">
              <Role>Teacher</Role>
              <ResourceType Reference="Teacher"/>
            </Resource>
          </Resources>
          <EventGroups>
            <EventGroup Reference="gr_AllEvents"/>
          </EventGroups>
        </Event>
        <Event Id="C2H_MUS">
          <Name>C2H_MUS</Name>
          <Duration>2</Duration>
          <Course Reference="gr_C2H_MUS"/>
          <Resources>
            <Resource Reference="C2H">
              <Role>Class</Role>
              <ResourceType Reference="Class"/>
            </Resource>
            <Resource Reference="MUS3">
              <Role>Teacher</Role>
              <ResourceType Reference="Teacher"/>
            </Resource>
          </Resources>
          <EventGroups>
            <EventGroup Reference="gr_AllEvents"/>
          </EventGroups>
        </Event>
        <Event Id="C2H_FRA">
          <Name>C2H_FRA</Name>
          <Duration>2</Duration>
          <Course Reference="gr_C2H_FRA"/>
          <Resources>
            <Resource Reference="C2H">
              <Role>Class</Role>
              <ResourceType Reference="Class"/>
            </Resource>
            <Resource Reference="FRA3">
              <Role>Teacher</Role>
              <ResourceType Reference="Teacher"/>
            </Resource>
          </Resources>
          <EventGroups>
            <EventGroup Reference="gr_AllEvents"/>
          </EventGroups>
        </Event>
        <Event Id="C2H_IC">
          <Name>C2H_IC</Name>
          <Duration>1</Duration>
          <Course Reference="gr_C2H_IC"/>
          <Resources>
            <Resource Reference="C2H">
              <Role>Class</Role>
              <ResourceType Reference="Class"/>
            </Resource>
            <Resource Reference="IC2">
              <Role>Teacher</Role>
              <ResourceType Reference="Teacher"/>
            </Resource>
          </Resources>
          <EventGroups>
            <EventGroup Reference="gr_AllEvents"/>
          </EventGroups>
        </Event>
        <Event Id="C2H_ING">
          <Name>C2H_ING</Name>
          <Duration>3</Duration>
          <Course Reference="gr_C2H_ING"/>
          <Resources>
            <Resource Reference="C2H">
              <Role>Class</Role>
              <ResourceType Reference="Class"/>
            </Resource>
            <Resource Reference="ING3">
              <Role>Teacher</Role>
              <ResourceType Reference="Teacher"/>
            </Resource>
          </Resources>
          <EventGroups>
            <EventGroup Reference="gr_AllEvents"/>
          </EventGroups>
        </Event>
        <Event Id="C2H_ITA">
          <Name>C2H_ITA</Name>
          <Duration>6</Duration>
          <Course Reference="gr_C2H_ITA"/>
          <Resources>
            <Resource Reference="C2H">
              <Role>Class</Role>
              <ResourceType Reference="Class"/>
            </Resource>
            <Resource Reference="ITG13">
              <Role>Teacher</Role>
              <ResourceType Reference="Teacher"/>
            </Resource>
          </Resources>
          <EventGroups>
            <EventGroup Reference="gr_AllEvents"/>
          </EventGroups>
        </Event>
        <Event Id="C2H_GEOS">
          <Name>C2H_GEOS</Name>
          <Duration>4</Duration>
          <Course Reference="gr_C2H_GEOS"/>
          <Resources>
            <Resource Reference="C2H">
              <Role>Class</Role>
              <ResourceType Reference="Class"/>
            </Resource>
            <Resource Reference="ITG13">
              <Role>Teacher</Role>
              <ResourceType Reference="Teacher"/>
            </Resource>
          </Resources>
          <EventGroups>
            <EventGroup Reference="gr_AllEvents"/>
          </EventGroups>
        </Event>
        <Event Id="C2H_MATS">
          <Name>C2H_MATS</Name>
          <Duration>6</Duration>
          <Course Reference="gr_C2H_MATS"/>
          <Resources>
            <Resource Reference="C2H">
              <Role>Class</Role>
              <ResourceType Reference="Class"/>
            </Resource>
            <Resource Reference="MATS8">
              <Role>Teacher</Role>
              <ResourceType Reference="Teacher"/>
            </Resource>
          </Resources>
          <EventGroups>
            <EventGroup Reference="gr_AllEvents"/>
          </EventGroups>
        </Event>
        <Event Id="C2H_SCMOT">
          <Name>C2H_SCMOT</Name>
          <Duration>2</Duration>
          <Course Reference="gr_C2H_SCMOT"/>
          <Resources>
            <Resource Reference="C2H">
              <Role>Class</Role>
              <ResourceType Reference="Class"/>
            </Resource>
            <Resource Reference="SCMOT3">
              <Role>Teacher</Role>
              <ResourceType Reference="Teacher"/>
            </Resource>
          </Resources>
          <EventGroups>
            <EventGroup Reference="gr_AllEvents"/>
          </EventGroups>
        </Event>
        <Event Id="C2H_TEC">
          <Name>C2H_TEC</Name>
          <Duration>2</Duration>
          <Course Reference="gr_C2H_TEC"/>
          <Resources>
            <Resource Reference="C2H">
              <Role>Class</Role>
              <ResourceType Reference="Class"/>
            </Resource>
            <Resource Reference="TEC1">
              <Role>Teacher</Role>
              <ResourceType Reference="Teacher"/>
            </Resource>
          </Resources>
          <EventGroups>
            <EventGroup Reference="gr_AllEvents"/>
          </EventGroups>
        </Event>
        <Event Id="C2I_ART">
          <Name>C2I_ART</Name>
          <Duration>2</Duration>
          <Course Reference="gr_C2I_ART"/>
          <Resources>
            <Resource Reference="C2I">
              <Role>Class</Role>
              <ResourceType Reference="Class"/>
            </Resource>
            <Resource Reference="ART4">
              <Role>Teacher</Role>
              <ResourceType Reference="Teacher"/>
            </Resource>
          </Resources>
          <EventGroups>
            <EventGroup Reference="gr_AllEvents"/>
          </EventGroups>
        </Event>
        <Event Id="C2I_MUS">
          <Name>C2I_MUS</Name>
          <Duration>2</Duration>
          <Course Reference="gr_C2I_MUS"/>
          <Resources>
            <Resource Reference="C2I">
              <Role>Class</Role>
              <ResourceType Reference="Class"/>
            </Resource>
            <Resource Reference="MUS3">
              <Role>Teacher</Role>
              <ResourceType Reference="Teacher"/>
            </Resource>
          </Resources>
          <EventGroups>
            <EventGroup Reference="gr_AllEvents"/>
          </EventGroups>
        </Event>
        <Event Id="C2I_FRA">
          <Name>C2I_FRA</Name>
          <Duration>2</Duration>
          <Course Reference="gr_C2I_FRA"/>
          <Resources>
            <Resource Reference="C2I">
              <Role>Class</Role>
              <ResourceType Reference="Class"/>
            </Resource>
            <Resource Reference="FRA3">
              <Role>Teacher</Role>
              <ResourceType Reference="Teacher"/>
            </Resource>
          </Resources>
          <EventGroups>
            <EventGroup Reference="gr_AllEvents"/>
          </EventGroups>
        </Event>
        <Event Id="C2I_IC">
          <Name>C2I_IC</Name>
          <Duration>1</Duration>
          <Course Reference="gr_C2I_IC"/>
          <Resources>
            <Resource Reference="C2I">
              <Role>Class</Role>
              <ResourceType Reference="Class"/>
            </Resource>
            <Resource Reference="IC2">
              <Role>Teacher</Role>
              <ResourceType Reference="Teacher"/>
            </Resource>
          </Resources>
          <EventGroups>
            <EventGroup Reference="gr_AllEvents"/>
          </EventGroups>
        </Event>
        <Event Id="C2I_ING">
          <Name>C2I_ING</Name>
          <Duration>3</Duration>
          <Course Reference="gr_C2I_ING"/>
          <Resources>
            <Resource Reference="C2I">
              <Role>Class</Role>
              <ResourceType Reference="Class"/>
            </Resource>
            <Resource Reference="ING3">
              <Role>Teacher</Role>
              <ResourceType Reference="Teacher"/>
            </Resource>
          </Resources>
          <EventGroups>
            <EventGroup Reference="gr_AllEvents"/>
          </EventGroups>
        </Event>
        <Event Id="C2I_ITA">
          <Name>C2I_ITA</Name>
          <Duration>6</Duration>
          <Course Reference="gr_C2I_ITA"/>
          <Resources>
            <Resource Reference="C2I">
              <Role>Class</Role>
              <ResourceType Reference="Class"/>
            </Resource>
            <Resource Reference="ITG4">
              <Role>Teacher</Role>
              <ResourceType Reference="Teacher"/>
            </Resource>
          </Resources>
          <EventGroups>
            <EventGroup Reference="gr_AllEvents"/>
          </EventGroups>
        </Event>
        <Event Id="C2I_GEOS">
          <Name>C2I_GEOS</Name>
          <Duration>4</Duration>
          <Course Reference="gr_C2I_GEOS"/>
          <Resources>
            <Resource Reference="C2I">
              <Role>Class</Role>
              <ResourceType Reference="Class"/>
            </Resource>
            <Resource Reference="ITG4">
              <Role>Teacher</Role>
              <ResourceType Reference="Teacher"/>
            </Resource>
          </Resources>
          <EventGroups>
            <EventGroup Reference="gr_AllEvents"/>
          </EventGroups>
        </Event>
        <Event Id="C2I_MATS">
          <Name>C2I_MATS</Name>
          <Duration>6</Duration>
          <Course Reference="gr_C2I_MATS"/>
          <Resources>
            <Resource Reference="C2I">
              <Role>Class</Role>
              <ResourceType Reference="Class"/>
            </Resource>
            <Resource Reference="MATS8">
              <Role>Teacher</Role>
              <ResourceType Reference="Teacher"/>
            </Resource>
          </Resources>
          <EventGroups>
            <EventGroup Reference="gr_AllEvents"/>
          </EventGroups>
        </Event>
        <Event Id="C2I_SCMOT">
          <Name>C2I_SCMOT</Name>
          <Duration>2</Duration>
          <Course Reference="gr_C2I_SCMOT"/>
          <Resources>
            <Resource Reference="C2I">
              <Role>Class</Role>
              <ResourceType Reference="Class"/>
            </Resource>
            <Resource Reference="SCMOT3">
              <Role>Teacher</Role>
              <ResourceType Reference="Teacher"/>
            </Resource>
          </Resources>
          <EventGroups>
            <EventGroup Reference="gr_AllEvents"/>
          </EventGroups>
        </Event>
        <Event Id="C2I_TEC">
          <Name>C2I_TEC</Name>
          <Duration>2</Duration>
          <Course Reference="gr_C2I_TEC"/>
          <Resources>
            <Resource Reference="C2I">
              <Role>Class</Role>
              <ResourceType Reference="Class"/>
            </Resource>
            <Resource Reference="TEC1">
              <Role>Teacher</Role>
              <ResourceType Reference="Teacher"/>
            </Resource>
          </Resources>
          <EventGroups>
            <EventGroup Reference="gr_AllEvents"/>
          </EventGroups>
        </Event>
      </Events>

      <Constraints>

        <AssignTimeConstraint Id="AssignTimes_1">
          <Name>AssignTimes</Name>
          <Required>true</Required>
          <Weight>1</Weight>
          <CostFunction>Linear</CostFunction>
          <AppliesTo>
            <EventGroups>
              <EventGroup Reference="gr_AllEvents"/>
            </EventGroups>
          </AppliesTo>
        </AssignTimeConstraint>


        <SplitEventsConstraint Id="SplitEventConstraint_1">
          <Name>Split to duration 1 and 2</Name>
          <Required>true</Required>
          <Weight>1</Weight>
          <CostFunction>Linear</CostFunction>
          <AppliesTo>
            <EventGroups>
              <EventGroup Reference="gr_AllEvents"/>
            </EventGroups>
          </AppliesTo>
          <MinimumDuration>1</MinimumDuration>
          <MaximumDuration>2</MaximumDuration>
          <MinimumAmount>1</MinimumAmount>
          <MaximumAmount>31</MaximumAmount>
        </SplitEventsConstraint>

        <SpreadEventsConstraint Id="SpreadEvents_1">
          <Name>At most one event per day</Name>
          <Required>false</Required>
          <Weight>1000</Weight>
          <CostFunction>Linear</CostFunction>
          <AppliesTo>
            <EventGroups>
              <EventGroup Reference="gr_C1G_ART"/> 
              <EventGroup Reference="gr_C1G_MUS"/> 
              <EventGroup Reference="gr_C1G_FRA"/> 
              <EventGroup Reference="gr_C1G_IC"/> 
              <EventGroup Reference="gr_C1G_ING"/> 
              <EventGroup Reference="gr_C1G_ITA"/> 
              <EventGroup Reference="gr_C1G_GEOS"/> 
              <EventGroup Reference="gr_C1G_MATS"/> 
              <EventGroup Reference="gr_C1G_SCMOT"/> 
              <EventGroup Reference="gr_C1G_TEC"/> 
              <EventGroup Reference="gr_C2G_ART"/> 
              <EventGroup Reference="gr_C2G_MUS"/> 
              <EventGroup Reference="gr_C2G_FRA"/> 
              <EventGroup Reference="gr_C2G_IC"/> 
              <EventGroup Reference="gr_C2G_ING"/> 
              <EventGroup Reference="gr_C2G_ITA"/> 
              <EventGroup Reference="gr_C2G_GEOS"/> 
              <EventGroup Reference="gr_C2G_MATS"/> 
              <EventGroup Reference="gr_C2G_SCMOT"/> 
              <EventGroup Reference="gr_C2G_TEC"/> 
              <EventGroup Reference="gr_C3G_ART"/> 
              <EventGroup Reference="gr_C3G_MUS"/> 
              <EventGroup Reference="gr_C3G_FRA"/> 
              <EventGroup Reference="gr_C3G_IC"/> 
              <EventGroup Reference="gr_C3G_ING"/> 
              <EventGroup Reference="gr_C3G_ITA"/> 
              <EventGroup Reference="gr_C3G_GEOS"/> 
              <EventGroup Reference="gr_C3G_MATS"/> 
              <EventGroup Reference="gr_C3G_SCMOT"/> 
              <EventGroup Reference="gr_C3G_TEC"/> 
              <EventGroup Reference="gr_C2H_ART"/> 
              <EventGroup Reference="gr_C2H_MUS"/> 
              <EventGroup Reference="gr_C2H_FRA"/> 
              <EventGroup Reference="gr_C2H_IC"/> 
              <EventGroup Reference="gr_C2H_ING"/> 
              <EventGroup Reference="gr_C2H_ITA"/> 
              <EventGroup Reference="gr_C2H_GEOS"/> 
              <EventGroup Reference="gr_C2H_MATS"/> 
              <EventGroup Reference="gr_C2H_SCMOT"/> 
              <EventGroup Reference="gr_C2H_TEC"/> 
              <EventGroup Reference="gr_C2I_ART"/> 
              <EventGroup Reference="gr_C2I_MUS"/> 
              <EventGroup Reference="gr_C2I_FRA"/> 
              <EventGroup Reference="gr_C2I_IC"/> 
              <EventGroup Reference="gr_C2I_ING"/> 
              <EventGroup Reference="gr_C2I_ITA"/> 
              <EventGroup Reference="gr_C2I_GEOS"/> 
              <EventGroup Reference="gr_C2I_MATS"/> 
              <EventGroup Reference="gr_C2I_SCMOT"/> 
              <EventGroup Reference="gr_C2I_TEC"/> 
            </EventGroups>
          </AppliesTo>
          <TimeGroups>
          <TimeGroup Reference="gr_Mo">
            <Minimum>0</Minimum>
            <Maximum>1</Maximum>
          </TimeGroup>
          <TimeGroup Reference="gr_Tu">
            <Minimum>0</Minimum>
            <Maximum>1</Maximum>
          </TimeGroup>
          <TimeGroup Reference="gr_We">
            <Minimum>0</Minimum>
            <Maximum>1</Maximum>
          </TimeGroup>
          <TimeGroup Reference="gr_Th">
            <Minimum>0</Minimum>
            <Maximum>1</Maximum>
          </TimeGroup>
          <TimeGroup Reference="gr_Fr">
            <Minimum>0</Minimum>
            <Maximum>1</Maximum>
          </TimeGroup>
          <TimeGroup Reference="gr_Sa">
            <Minimum>0</Minimum>
            <Maximum>1</Maximum>
          </TimeGroup>
          </TimeGroups>
        </SpreadEventsConstraint>

        <AvoidClashesConstraint Id="NoResourceClashes_1">
          <Name>NoResourceClashes</Name>
          <Required>true</Required>
          <Weight>1</Weight>
          <CostFunction>Linear</CostFunction>
          <AppliesTo>
            <ResourceGroups>
              <ResourceGroup Reference="gr_Teachers"/>
              <ResourceGroup Reference="gr_Classes"/>
            </ResourceGroups>
          </AppliesTo>
        </AvoidClashesConstraint>

        <AvoidUnavailableTimesConstraint Id="AvoidUnavailableTimes_C1G">
          <Name>ForbiddenTimesOfC1G</Name>
          <Required>true</Required>
          <Weight>1</Weight>
          <CostFunction>Linear</CostFunction>
          <AppliesTo>
            <Resources>
              <Resource Reference="C1G"/>
            </Resources>
          </AppliesTo>
          <Times>
          </Times>
        </AvoidUnavailableTimesConstraint>

        <AvoidUnavailableTimesConstraint Id="AvoidUnavailableTimes_C2G">
          <Name>ForbiddenTimesOfC2G</Name>
          <Required>true</Required>
          <Weight>1</Weight>
          <CostFunction>Linear</CostFunction>
          <AppliesTo>
            <Resources>
              <Resource Reference="C2G"/>
            </Resources>
          </AppliesTo>
          <Times>
          </Times>
        </AvoidUnavailableTimesConstraint>

        <AvoidUnavailableTimesConstraint Id="AvoidUnavailableTimes_C3G">
          <Name>ForbiddenTimesOfC3G</Name>
          <Required>true</Required>
          <Weight>1</Weight>
          <CostFunction>Linear</CostFunction>
          <AppliesTo>
            <Resources>
              <Resource Reference="C3G"/>
            </Resources>
          </AppliesTo>
          <Times>
          </Times>
        </AvoidUnavailableTimesConstraint>

        <AvoidUnavailableTimesConstraint Id="AvoidUnavailableTimes_C2H">
          <Name>ForbiddenTimesOfC2H</Name>
          <Required>true</Required>
          <Weight>1</Weight>
          <CostFunction>Linear</CostFunction>
          <AppliesTo>
            <Resources>
              <Resource Reference="C2H"/>
            </Resources>
          </AppliesTo>
          <Times>
          </Times>
        </AvoidUnavailableTimesConstraint>

        <AvoidUnavailableTimesConstraint Id="AvoidUnavailableTimes_C2I">
          <Name>ForbiddenTimesOfC2I</Name>
          <Required>true</Required>
          <Weight>1</Weight>
          <CostFunction>Linear</CostFunction>
          <AppliesTo>
            <Resources>
              <Resource Reference="C2I"/>
            </Resources>
          </AppliesTo>
          <Times>
          </Times>
        </AvoidUnavailableTimesConstraint>

        <AvoidUnavailableTimesConstraint Id="AvoidUnavailableTimes_ART3">
          <Name>ForbiddenTimesOfART3</Name>
          <Required>true</Required>
          <Weight>1</Weight>
          <CostFunction>Linear</CostFunction>
          <AppliesTo>
            <Resources>
              <Resource Reference="ART3"/>
            </Resources>
          </AppliesTo>
          <Times>
            <Time Reference="Mo_1"/>
            <Time Reference="Mo_2"/>
            <Time Reference="Mo_3"/>
            <Time Reference="Mo_4"/>
            <Time Reference="Mo_5"/>
            <Time Reference="We_1"/>
            <Time Reference="We_2"/>
            <Time Reference="We_3"/>
            <Time Reference="We_4"/>
            <Time Reference="We_5"/>
            <Time Reference="Th_1"/>
            <Time Reference="Th_2"/>
            <Time Reference="Th_3"/>
            <Time Reference="Th_4"/>
            <Time Reference="Th_5"/>
            <Time Reference="Fr_1"/>
            <Time Reference="Fr_2"/>
            <Time Reference="Fr_3"/>
            <Time Reference="Fr_4"/>
            <Time Reference="Fr_5"/>
          </Times>
        </AvoidUnavailableTimesConstraint>

        <AvoidUnavailableTimesConstraint Id="AvoidUnavailableTimes_MUS3">
          <Name>ForbiddenTimesOfMUS3</Name>
          <Required>true</Required>
          <Weight>1</Weight>
          <CostFunction>Linear</CostFunction>
          <AppliesTo>
            <Resources>
              <Resource Reference="MUS3"/>
            </Resources>
          </AppliesTo>
          <Times>
          </Times>
        </AvoidUnavailableTimesConstraint>

        <AvoidUnavailableTimesConstraint Id="AvoidUnavailableTimes_FRA3">
          <Name>ForbiddenTimesOfFRA3</Name>
          <Required>true</Required>
          <Weight>1</Weight>
          <CostFunction>Linear</CostFunction>
          <AppliesTo>
            <Resources>
              <Resource Reference="FRA3"/>
            </Resources>
          </AppliesTo>
          <Times>
          </Times>
        </AvoidUnavailableTimesConstraint>

        <AvoidUnavailableTimesConstraint Id="AvoidUnavailableTimes_IC2">
          <Name>ForbiddenTimesOfIC2</Name>
          <Required>true</Required>
          <Weight>1</Weight>
          <CostFunction>Linear</CostFunction>
          <AppliesTo>
            <Resources>
              <Resource Reference="IC2"/>
            </Resources>
          </AppliesTo>
          <Times>
            <Time Reference="Mo_1"/>
            <Time Reference="Mo_2"/>
            <Time Reference="Mo_3"/>
            <Time Reference="Mo_4"/>
            <Time Reference="Mo_5"/>
            <Time Reference="Tu_1"/>
            <Time Reference="Tu_2"/>
            <Time Reference="Tu_3"/>
            <Time Reference="Tu_4"/>
            <Time Reference="Tu_5"/>
            <Time Reference="We_1"/>
            <Time Reference="We_2"/>
            <Time Reference="We_3"/>
            <Time Reference="We_4"/>
            <Time Reference="We_5"/>
            <Time Reference="Th_1"/>
            <Time Reference="Th_2"/>
            <Time Reference="Th_3"/>
            <Time Reference="Th_4"/>
            <Time Reference="Th_5"/>
            <Time Reference="Sa_1"/>
            <Time Reference="Sa_2"/>
            <Time Reference="Sa_3"/>
            <Time Reference="Sa_4"/>
            <Time Reference="Sa_5"/>
          </Times>
        </AvoidUnavailableTimesConstraint>

        <AvoidUnavailableTimesConstraint Id="AvoidUnavailableTimes_ING3">
          <Name>ForbiddenTimesOfING3</Name>
          <Required>true</Required>
          <Weight>1</Weight>
          <CostFunction>Linear</CostFunction>
          <AppliesTo>
            <Resources>
              <Resource Reference="ING3"/>
            </Resources>
          </AppliesTo>
          <Times>
          </Times>
        </AvoidUnavailableTimesConstraint>

        <AvoidUnavailableTimesConstraint Id="AvoidUnavailableTimes_ITG10">
          <Name>ForbiddenTimesOfITG10</Name>
          <Required>true</Required>
          <Weight>1</Weight>
          <CostFunction>Linear</CostFunction>
          <AppliesTo>
            <Resources>
              <Resource Reference="ITG10"/>
            </Resources>
          </AppliesTo>
          <Times>
          </Times>
        </AvoidUnavailableTimesConstraint>

        <AvoidUnavailableTimesConstraint Id="AvoidUnavailableTimes_ITG13">
          <Name>ForbiddenTimesOfITG13</Name>
          <Required>true</Required>
          <Weight>1</Weight>
          <CostFunction>Linear</CostFunction>
          <AppliesTo>
            <Resources>
              <Resource Reference="ITG13"/>
            </Resources>
          </AppliesTo>
          <Times>
          </Times>
        </AvoidUnavailableTimesConstraint>

        <AvoidUnavailableTimesConstraint Id="AvoidUnavailableTimes_MATS7">
          <Name>ForbiddenTimesOfMATS7</Name>
          <Required>true</Required>
          <Weight>1</Weight>
          <CostFunction>Linear</CostFunction>
          <AppliesTo>
            <Resources>
              <Resource Reference="MATS7"/>
            </Resources>
          </AppliesTo>
          <Times>
          </Times>
        </AvoidUnavailableTimesConstraint>

        <AvoidUnavailableTimesConstraint Id="AvoidUnavailableTimes_SCMOT3">
          <Name>ForbiddenTimesOfSCMOT3</Name>
          <Required>true</Required>
          <Weight>1</Weight>
          <CostFunction>Linear</CostFunction>
          <AppliesTo>
            <Resources>
              <Resource Reference="SCMOT3"/>
            </Resources>
          </AppliesTo>
          <Times>
          </Times>
        </AvoidUnavailableTimesConstraint>

        <AvoidUnavailableTimesConstraint Id="AvoidUnavailableTimes_TEC1">
          <Name>ForbiddenTimesOfTEC1</Name>
          <Required>true</Required>
          <Weight>1</Weight>
          <CostFunction>Linear</CostFunction>
          <AppliesTo>
            <Resources>
              <Resource Reference="TEC1"/>
            </Resources>
          </AppliesTo>
          <Times>
          </Times>
        </AvoidUnavailableTimesConstraint>

        <AvoidUnavailableTimesConstraint Id="AvoidUnavailableTimes_ITG4">
          <Name>ForbiddenTimesOfITG4</Name>
          <Required>true</Required>
          <Weight>1</Weight>
          <CostFunction>Linear</CostFunction>
          <AppliesTo>
            <Resources>
              <Resource Reference="ITG4"/>
            </Resources>
          </AppliesTo>
          <Times>
          </Times>
        </AvoidUnavailableTimesConstraint>

        <AvoidUnavailableTimesConstraint Id="AvoidUnavailableTimes_ART4">
          <Name>ForbiddenTimesOfART4</Name>
          <Required>true</Required>
          <Weight>1</Weight>
          <CostFunction>Linear</CostFunction>
          <AppliesTo>
            <Resources>
              <Resource Reference="ART4"/>
            </Resources>
          </AppliesTo>
          <Times>
            <Time Reference="Mo_1"/>
            <Time Reference="Mo_2"/>
            <Time Reference="Mo_3"/>
            <Time Reference="Mo_4"/>
            <Time Reference="Mo_5"/>
            <Time Reference="Tu_5"/>
            <Time Reference="We_1"/>
            <Time Reference="We_2"/>
            <Time Reference="We_3"/>
            <Time Reference="We_4"/>
            <Time Reference="We_5"/>
            <Time Reference="Th_1"/>
            <Time Reference="Th_2"/>
            <Time Reference="Th_3"/>
            <Time Reference="Th_4"/>
            <Time Reference="Th_5"/>
            <Time Reference="Fr_1"/>
            <Time Reference="Fr_2"/>
            <Time Reference="Fr_3"/>
            <Time Reference="Fr_4"/>
            <Time Reference="Fr_5"/>
            <Time Reference="Sa_1"/>
            <Time Reference="Sa_2"/>
            <Time Reference="Sa_3"/>
            <Time Reference="Sa_4"/>
            <Time Reference="Sa_5"/>
          </Times>
        </AvoidUnavailableTimesConstraint>

        <AvoidUnavailableTimesConstraint Id="AvoidUnavailableTimes_MATS8">
          <Name>ForbiddenTimesOfMATS8</Name>
          <Required>true</Required>
          <Weight>1</Weight>
          <CostFunction>Linear</CostFunction>
          <AppliesTo>
            <Resources>
              <Resource Reference="MATS8"/>
            </Resources>
          </AppliesTo>
          <Times>
          </Times>
        </AvoidUnavailableTimesConstraint>

        <LimitIdleTimesConstraint Id="FreePeriodsConstraint_1">
          <Name>No idle times for teachers</Name>
          <Required>false</Required>
          <Weight>100</Weight>
          <CostFunction>Linear</CostFunction>
          <AppliesTo>
            <ResourceGroups>
              <ResourceGroup Reference="gr_Teachers"/>
            </ResourceGroups>
          </AppliesTo>
          <TimeGroups>
            <TimeGroup Reference="gr_Mo"/>
            <TimeGroup Reference="gr_Tu"/>
            <TimeGroup Reference="gr_We"/>
            <TimeGroup Reference="gr_Th"/>
            <TimeGroup Reference="gr_Fr"/>
            <TimeGroup Reference="gr_Sa"/>
          </TimeGroups>
          <Minimum>0</Minimum>
          <Maximum>0</Maximum>
        </LimitIdleTimesConstraint>

        <ClusterBusyTimesConstraint Id="MinMaxNofBusyDayConstraint_ART3">
          <Name>Limit min/max busy days</Name>
          <Required>true</Required>
          <Weight>1</Weight>
          <CostFunction>Linear</CostFunction>
          <AppliesTo>
            <Resources>
              <Resource Reference="ART3"/>
            </Resources>
          </AppliesTo>
          <TimeGroups>
            <TimeGroup Reference="gr_Mo"/>
            <TimeGroup Reference="gr_Tu"/>
            <TimeGroup Reference="gr_We"/>
            <TimeGroup Reference="gr_Th"/>
            <TimeGroup Reference="gr_Fr"/>
            <TimeGroup Reference="gr_Sa"/>
          </TimeGroups>
          <Minimum>2</Minimum>
          <Maximum>2</Maximum>
        </ClusterBusyTimesConstraint>

        <ClusterBusyTimesConstraint Id="MinMaxNofBusyDayConstraint_MUS3">
          <Name>Limit min/max busy days</Name>
          <Required>true</Required>
          <Weight>1</Weight>
          <CostFunction>Linear</CostFunction>
          <AppliesTo>
            <Resources>
              <Resource Reference="MUS3"/>
            </Resources>
          </AppliesTo>
          <TimeGroups>
            <TimeGroup Reference="gr_Mo"/>
            <TimeGroup Reference="gr_Tu"/>
            <TimeGroup Reference="gr_We"/>
            <TimeGroup Reference="gr_Th"/>
            <TimeGroup Reference="gr_Fr"/>
            <TimeGroup Reference="gr_Sa"/>
          </TimeGroups>
          <Minimum>3</Minimum>
          <Maximum>3</Maximum>
        </ClusterBusyTimesConstraint>

        <ClusterBusyTimesConstraint Id="MinMaxNofBusyDayConstraint_FRA3">
          <Name>Limit min/max busy days</Name>
          <Required>true</Required>
          <Weight>1</Weight>
          <CostFunction>Linear</CostFunction>
          <AppliesTo>
            <Resources>
              <Resource Reference="FRA3"/>
            </Resources>
          </AppliesTo>
          <TimeGroups>
            <TimeGroup Reference="gr_Mo"/>
            <TimeGroup Reference="gr_Tu"/>
            <TimeGroup Reference="gr_We"/>
            <TimeGroup Reference="gr_Th"/>
            <TimeGroup Reference="gr_Fr"/>
            <TimeGroup Reference="gr_Sa"/>
          </TimeGroups>
          <Minimum>3</Minimum>
          <Maximum>3</Maximum>
        </ClusterBusyTimesConstraint>

        <ClusterBusyTimesConstraint Id="MinMaxNofBusyDayConstraint_IC2">
          <Name>Limit min/max busy days</Name>
          <Required>true</Required>
          <Weight>1</Weight>
          <CostFunction>Linear</CostFunction>
          <AppliesTo>
            <Resources>
              <Resource Reference="IC2"/>
            </Resources>
          </AppliesTo>
          <TimeGroups>
            <TimeGroup Reference="gr_Mo"/>
            <TimeGroup Reference="gr_Tu"/>
            <TimeGroup Reference="gr_We"/>
            <TimeGroup Reference="gr_Th"/>
            <TimeGroup Reference="gr_Fr"/>
            <TimeGroup Reference="gr_Sa"/>
          </TimeGroups>
          <Minimum>1</Minimum>
          <Maximum>1</Maximum>
        </ClusterBusyTimesConstraint>

        <ClusterBusyTimesConstraint Id="MinMaxNofBusyDayConstraint_ING3">
          <Name>Limit min/max busy days</Name>
          <Required>true</Required>
          <Weight>1</Weight>
          <CostFunction>Linear</CostFunction>
          <AppliesTo>
            <Resources>
              <Resource Reference="ING3"/>
            </Resources>
          </AppliesTo>
          <TimeGroups>
            <TimeGroup Reference="gr_Mo"/>
            <TimeGroup Reference="gr_Tu"/>
            <TimeGroup Reference="gr_We"/>
            <TimeGroup Reference="gr_Th"/>
            <TimeGroup Reference="gr_Fr"/>
            <TimeGroup Reference="gr_Sa"/>
          </TimeGroups>
          <Minimum>5</Minimum>
          <Maximum>5</Maximum>
        </ClusterBusyTimesConstraint>

        <ClusterBusyTimesConstraint Id="MinMaxNofBusyDayConstraint_ITG10">
          <Name>Limit min/max busy days</Name>
          <Required>true</Required>
          <Weight>1</Weight>
          <CostFunction>Linear</CostFunction>
          <AppliesTo>
            <Resources>
              <Resource Reference="ITG10"/>
            </Resources>
          </AppliesTo>
          <TimeGroups>
            <TimeGroup Reference="gr_Mo"/>
            <TimeGroup Reference="gr_Tu"/>
            <TimeGroup Reference="gr_We"/>
            <TimeGroup Reference="gr_Th"/>
            <TimeGroup Reference="gr_Fr"/>
            <TimeGroup Reference="gr_Sa"/>
          </TimeGroups>
          <Minimum>5</Minimum>
          <Maximum>5</Maximum>
        </ClusterBusyTimesConstraint>

        <ClusterBusyTimesConstraint Id="MinMaxNofBusyDayConstraint_ITG13">
          <Name>Limit min/max busy days</Name>
          <Required>true</Required>
          <Weight>1</Weight>
          <CostFunction>Linear</CostFunction>
          <AppliesTo>
            <Resources>
              <Resource Reference="ITG13"/>
            </Resources>
          </AppliesTo>
          <TimeGroups>
            <TimeGroup Reference="gr_Mo"/>
            <TimeGroup Reference="gr_Tu"/>
            <TimeGroup Reference="gr_We"/>
            <TimeGroup Reference="gr_Th"/>
            <TimeGroup Reference="gr_Fr"/>
            <TimeGroup Reference="gr_Sa"/>
          </TimeGroups>
          <Minimum>5</Minimum>
          <Maximum>5</Maximum>
        </ClusterBusyTimesConstraint>

        <ClusterBusyTimesConstraint Id="MinMaxNofBusyDayConstraint_MATS7">
          <Name>Limit min/max busy days</Name>
          <Required>true</Required>
          <Weight>1</Weight>
          <CostFunction>Linear</CostFunction>
          <AppliesTo>
            <Resources>
              <Resource Reference="MATS7"/>
            </Resources>
          </AppliesTo>
          <TimeGroups>
            <TimeGroup Reference="gr_Mo"/>
            <TimeGroup Reference="gr_Tu"/>
            <TimeGroup Reference="gr_We"/>
            <TimeGroup Reference="gr_Th"/>
            <TimeGroup Reference="gr_Fr"/>
            <TimeGroup Reference="gr_Sa"/>
          </TimeGroups>
          <Minimum>5</Minimum>
          <Maximum>5</Maximum>
        </ClusterBusyTimesConstraint>

        <ClusterBusyTimesConstraint Id="MinMaxNofBusyDayConstraint_SCMOT3">
          <Name>Limit min/max busy days</Name>
          <Required>true</Required>
          <Weight>1</Weight>
          <CostFunction>Linear</CostFunction>
          <AppliesTo>
            <Resources>
              <Resource Reference="SCMOT3"/>
            </Resources>
          </AppliesTo>
          <TimeGroups>
            <TimeGroup Reference="gr_Mo"/>
            <TimeGroup Reference="gr_Tu"/>
            <TimeGroup Reference="gr_We"/>
            <TimeGroup Reference="gr_Th"/>
            <TimeGroup Reference="gr_Fr"/>
            <TimeGroup Reference="gr_Sa"/>
          </TimeGroups>
          <Minimum>2</Minimum>
          <Maximum>2</Maximum>
        </ClusterBusyTimesConstraint>

        <ClusterBusyTimesConstraint Id="MinMaxNofBusyDayConstraint_TEC1">
          <Name>Limit min/max busy days</Name>
          <Required>true</Required>
          <Weight>1</Weight>
          <CostFunction>Linear</CostFunction>
          <AppliesTo>
            <Resources>
              <Resource Reference="TEC1"/>
            </Resources>
          </AppliesTo>
          <TimeGroups>
            <TimeGroup Reference="gr_Mo"/>
            <TimeGroup Reference="gr_Tu"/>
            <TimeGroup Reference="gr_We"/>
            <TimeGroup Reference="gr_Th"/>
            <TimeGroup Reference="gr_Fr"/>
            <TimeGroup Reference="gr_Sa"/>
          </TimeGroups>
          <Minimum>2</Minimum>
          <Maximum>2</Maximum>
        </ClusterBusyTimesConstraint>

        <ClusterBusyTimesConstraint Id="MinMaxNofBusyDayConstraint_ITG4">
          <Name>Limit min/max busy days</Name>
          <Required>true</Required>
          <Weight>1</Weight>
          <CostFunction>Linear</CostFunction>
          <AppliesTo>
            <Resources>
              <Resource Reference="ITG4"/>
            </Resources>
          </AppliesTo>
          <TimeGroups>
            <TimeGroup Reference="gr_Mo"/>
            <TimeGroup Reference="gr_Tu"/>
            <TimeGroup Reference="gr_We"/>
            <TimeGroup Reference="gr_Th"/>
            <TimeGroup Reference="gr_Fr"/>
            <TimeGroup Reference="gr_Sa"/>
          </TimeGroups>
          <Minimum>5</Minimum>
          <Maximum>5</Maximum>
        </ClusterBusyTimesConstraint>

        <ClusterBusyTimesConstraint Id="MinMaxNofBusyDayConstraint_ART4">
          <Name>Limit min/max busy days</Name>
          <Required>true</Required>
          <Weight>1</Weight>
          <CostFunction>Linear</CostFunction>
          <AppliesTo>
            <Resources>
              <Resource Reference="ART4"/>
            </Resources>
          </AppliesTo>
          <TimeGroups>
            <TimeGroup Reference="gr_Mo"/>
            <TimeGroup Reference="gr_Tu"/>
            <TimeGroup Reference="gr_We"/>
            <TimeGroup Reference="gr_Th"/>
            <TimeGroup Reference="gr_Fr"/>
            <TimeGroup Reference="gr_Sa"/>
          </TimeGroups>
          <Minimum>1</Minimum>
          <Maximum>1</Maximum>
        </ClusterBusyTimesConstraint>

        <ClusterBusyTimesConstraint Id="MinMaxNofBusyDayConstraint_MATS8">
          <Name>Limit min/max busy days</Name>
          <Required>true</Required>
          <Weight>1</Weight>
          <CostFunction>Linear</CostFunction>
          <AppliesTo>
            <Resources>
              <Resource Reference="MATS8"/>
            </Resources>
          </AppliesTo>
          <TimeGroups>
            <TimeGroup Reference="gr_Mo"/>
            <TimeGroup Reference="gr_Tu"/>
            <TimeGroup Reference="gr_We"/>
            <TimeGroup Reference="gr_Th"/>
            <TimeGroup Reference="gr_Fr"/>
            <TimeGroup Reference="gr_Sa"/>
          </TimeGroups>
          <Minimum>4</Minimum>
          <Maximum>4</Maximum>
        </ClusterBusyTimesConstraint>

        <LimitBusyTimesConstraint Id="MinMaxNofHoursPerDayConstraint_ART3">
          <Name>Limit min/max teachers' lessons per day</Name>
          <Required>true</Required>
          <Weight>1</Weight>
          <CostFunction>Linear</CostFunction>
          <AppliesTo>
            <Resources>
              <Resource Reference="ART3"/>
            </Resources>
          </AppliesTo>
          <TimeGroups>
            <TimeGroup Reference="gr_Mo"/>
            <TimeGroup Reference="gr_Tu"/>
            <TimeGroup Reference="gr_We"/>
            <TimeGroup Reference="gr_Th"/>
            <TimeGroup Reference="gr_Fr"/>
            <TimeGroup Reference="gr_Sa"/>
          </TimeGroups>
          <Minimum>1</Minimum>
          <Maximum>5</Maximum>
        </LimitBusyTimesConstraint>

        <LimitBusyTimesConstraint Id="MinMaxNofHoursPerDayConstraint_MUS3">
          <Name>Limit min/max teachers' lessons per day</Name>
          <Required>true</Required>
          <Weight>1</Weight>
          <CostFunction>Linear</CostFunction>
          <AppliesTo>
            <Resources>
              <Resource Reference="MUS3"/>
            </Resources>
          </AppliesTo>
          <TimeGroups>
            <TimeGroup Reference="gr_Mo"/>
            <TimeGroup Reference="gr_Tu"/>
            <TimeGroup Reference="gr_We"/>
            <TimeGroup Reference="gr_Th"/>
            <TimeGroup Reference="gr_Fr"/>
            <TimeGroup Reference="gr_Sa"/>
          </TimeGroups>
          <Minimum>2</Minimum>
          <Maximum>4</Maximum>
        </LimitBusyTimesConstraint>

        <LimitBusyTimesConstraint Id="MinMaxNofHoursPerDayConstraint_FRA3">
          <Name>Limit min/max teachers' lessons per day</Name>
          <Required>true</Required>
          <Weight>1</Weight>
          <CostFunction>Linear</CostFunction>
          <AppliesTo>
            <Resources>
              <Resource Reference="FRA3"/>
            </Resources>
          </AppliesTo>
          <TimeGroups>
            <TimeGroup Reference="gr_Mo"/>
            <TimeGroup Reference="gr_Tu"/>
            <TimeGroup Reference="gr_We"/>
            <TimeGroup Reference="gr_Th"/>
            <TimeGroup Reference="gr_Fr"/>
            <TimeGroup Reference="gr_Sa"/>
          </TimeGroups>
          <Minimum>2</Minimum>
          <Maximum>5</Maximum>
        </LimitBusyTimesConstraint>

        <LimitBusyTimesConstraint Id="MinMaxNofHoursPerDayConstraint_IC2">
          <Name>Limit min/max teachers' lessons per day</Name>
          <Required>true</Required>
          <Weight>1</Weight>
          <CostFunction>Linear</CostFunction>
          <AppliesTo>
            <Resources>
              <Resource Reference="IC2"/>
            </Resources>
          </AppliesTo>
          <TimeGroups>
            <TimeGroup Reference="gr_Mo"/>
            <TimeGroup Reference="gr_Tu"/>
            <TimeGroup Reference="gr_We"/>
            <TimeGroup Reference="gr_Th"/>
            <TimeGroup Reference="gr_Fr"/>
            <TimeGroup Reference="gr_Sa"/>
          </TimeGroups>
          <Minimum>1</Minimum>
          <Maximum>5</Maximum>
        </LimitBusyTimesConstraint>

        <LimitBusyTimesConstraint Id="MinMaxNofHoursPerDayConstraint_ING3">
          <Name>Limit min/max teachers' lessons per day</Name>
          <Required>true</Required>
          <Weight>1</Weight>
          <CostFunction>Linear</CostFunction>
          <AppliesTo>
            <Resources>
              <Resource Reference="ING3"/>
            </Resources>
          </AppliesTo>
          <TimeGroups>
            <TimeGroup Reference="gr_Mo"/>
            <TimeGroup Reference="gr_Tu"/>
            <TimeGroup Reference="gr_We"/>
            <TimeGroup Reference="gr_Th"/>
            <TimeGroup Reference="gr_Fr"/>
            <TimeGroup Reference="gr_Sa"/>
          </TimeGroups>
          <Minimum>2</Minimum>
          <Maximum>5</Maximum>
        </LimitBusyTimesConstraint>

        <LimitBusyTimesConstraint Id="MinMaxNofHoursPerDayConstraint_ITG10">
          <Name>Limit min/max teachers' lessons per day</Name>
          <Required>true</Required>
          <Weight>1</Weight>
          <CostFunction>Linear</CostFunction>
          <AppliesTo>
            <Resources>
              <Resource Reference="ITG10"/>
            </Resources>
          </AppliesTo>
          <TimeGroups>
            <TimeGroup Reference="gr_Mo"/>
            <TimeGroup Reference="gr_Tu"/>
            <TimeGroup Reference="gr_We"/>
            <TimeGroup Reference="gr_Th"/>
            <TimeGroup Reference="gr_Fr"/>
            <TimeGroup Reference="gr_Sa"/>
          </TimeGroups>
          <Minimum>2</Minimum>
          <Maximum>5</Maximum>
        </LimitBusyTimesConstraint>

        <LimitBusyTimesConstraint Id="MinMaxNofHoursPerDayConstraint_ITG13">
          <Name>Limit min/max teachers' lessons per day</Name>
          <Required>true</Required>
          <Weight>1</Weight>
          <CostFunction>Linear</CostFunction>
          <AppliesTo>
            <Resources>
              <Resource Reference="ITG13"/>
            </Resources>
          </AppliesTo>
          <TimeGroups>
            <TimeGroup Reference="gr_Mo"/>
            <TimeGroup Reference="gr_Tu"/>
            <TimeGroup Reference="gr_We"/>
            <TimeGroup Reference="gr_Th"/>
            <TimeGroup Reference="gr_Fr"/>
            <TimeGroup Reference="gr_Sa"/>
          </TimeGroups>
          <Minimum>2</Minimum>
          <Maximum>5</Maximum>
        </LimitBusyTimesConstraint>

        <LimitBusyTimesConstraint Id="MinMaxNofHoursPerDayConstraint_MATS7">
          <Name>Limit min/max teachers' lessons per day</Name>
          <Required>true</Required>
          <Weight>1</Weight>
          <CostFunction>Linear</CostFunction>
          <AppliesTo>
            <Resources>
              <Resource Reference="MATS7"/>
            </Resources>
          </AppliesTo>
          <TimeGroups>
            <TimeGroup Reference="gr_Mo"/>
            <TimeGroup Reference="gr_Tu"/>
            <TimeGroup Reference="gr_We"/>
            <TimeGroup Reference="gr_Th"/>
            <TimeGroup Reference="gr_Fr"/>
            <TimeGroup Reference="gr_Sa"/>
          </TimeGroups>
          <Minimum>2</Minimum>
          <Maximum>5</Maximum>
        </LimitBusyTimesConstraint>

        <LimitBusyTimesConstraint Id="MinMaxNofHoursPerDayConstraint_SCMOT3">
          <Name>Limit min/max teachers' lessons per day</Name>
          <Required>true</Required>
          <Weight>1</Weight>
          <CostFunction>Linear</CostFunction>
          <AppliesTo>
            <Resources>
              <Resource Reference="SCMOT3"/>
            </Resources>
          </AppliesTo>
          <TimeGroups>
            <TimeGroup Reference="gr_Mo"/>
            <TimeGroup Reference="gr_Tu"/>
            <TimeGroup Reference="gr_We"/>
            <TimeGroup Reference="gr_Th"/>
            <TimeGroup Reference="gr_Fr"/>
            <TimeGroup Reference="gr_Sa"/>
          </TimeGroups>
          <Minimum>1</Minimum>
          <Maximum>5</Maximum>
        </LimitBusyTimesConstraint>

        <LimitBusyTimesConstraint Id="MinMaxNofHoursPerDayConstraint_TEC1">
          <Name>Limit min/max teachers' lessons per day</Name>
          <Required>true</Required>
          <Weight>1</Weight>
          <CostFunction>Linear</CostFunction>
          <AppliesTo>
            <Resources>
              <Resource Reference="TEC1"/>
            </Resources>
          </AppliesTo>
          <TimeGroups>
            <TimeGroup Reference="gr_Mo"/>
            <TimeGroup Reference="gr_Tu"/>
            <TimeGroup Reference="gr_We"/>
            <TimeGroup Reference="gr_Th"/>
            <TimeGroup Reference="gr_Fr"/>
            <TimeGroup Reference="gr_Sa"/>
          </TimeGroups>
          <Minimum>1</Minimum>
          <Maximum>5</Maximum>
        </LimitBusyTimesConstraint>

        <LimitBusyTimesConstraint Id="MinMaxNofHoursPerDayConstraint_ITG4">
          <Name>Limit min/max teachers' lessons per day</Name>
          <Required>true</Required>
          <Weight>1</Weight>
          <CostFunction>Linear</CostFunction>
          <AppliesTo>
            <Resources>
              <Resource Reference="ITG4"/>
            </Resources>
          </AppliesTo>
          <TimeGroups>
            <TimeGroup Reference="gr_Mo"/>
            <TimeGroup Reference="gr_Tu"/>
            <TimeGroup Reference="gr_We"/>
            <TimeGroup Reference="gr_Th"/>
            <TimeGroup Reference="gr_Fr"/>
            <TimeGroup Reference="gr_Sa"/>
          </TimeGroups>
          <Minimum>2</Minimum>
          <Maximum>5</Maximum>
        </LimitBusyTimesConstraint>

        <LimitBusyTimesConstraint Id="MinMaxNofHoursPerDayConstraint_ART4">
          <Name>Limit min/max teachers' lessons per day</Name>
          <Required>true</Required>
          <Weight>1</Weight>
          <CostFunction>Linear</CostFunction>
          <AppliesTo>
            <Resources>
              <Resource Reference="ART4"/>
            </Resources>
          </AppliesTo>
          <TimeGroups>
            <TimeGroup Reference="gr_Mo"/>
            <TimeGroup Reference="gr_Tu"/>
            <TimeGroup Reference="gr_We"/>
            <TimeGroup Reference="gr_Th"/>
            <TimeGroup Reference="gr_Fr"/>
            <TimeGroup Reference="gr_Sa"/>
          </TimeGroups>
          <Minimum>1</Minimum>
          <Maximum>5</Maximum>
        </LimitBusyTimesConstraint>

        <LimitBusyTimesConstraint Id="MinMaxNofHoursPerDayConstraint_MATS8">
          <Name>Limit min/max teachers' lessons per day</Name>
          <Required>true</Required>
          <Weight>1</Weight>
          <CostFunction>Linear</CostFunction>
          <AppliesTo>
            <Resources>
              <Resource Reference="MATS8"/>
            </Resources>
          </AppliesTo>
          <TimeGroups>
            <TimeGroup Reference="gr_Mo"/>
            <TimeGroup Reference="gr_Tu"/>
            <TimeGroup Reference="gr_We"/>
            <TimeGroup Reference="gr_Th"/>
            <TimeGroup Reference="gr_Fr"/>
            <TimeGroup Reference="gr_Sa"/>
          </TimeGroups>
          <Minimum>2</Minimum>
          <Maximum>5</Maximum>
        </LimitBusyTimesConstraint>
      </Constraints>
    </Instance>
  </Instances>
  <SolutionGroups>
    <SolutionGroup Id="ClaudioCrobu_IHSTP_01/20/2022 07:11:14 268">
      <MetaData>
        <Contributor>Claudio Crobu</Contributor>
        <Date>01/20/2022 07:11:14 268</Date>
        <Description>Generated by XHSTT model</Description>
      </MetaData>
      <Solution Reference="DonDiana_5_Classi-TAB6">
        <RunningTime>10800.2</RunningTime>
        <Events>
	  <Event Reference="C1G_ART">
	    <Duration>1</Duration>
	    <Time Reference="Tu_5"/>
	  </Event>
	  <Event Reference="C1G_ART">
	    <Duration>1</Duration>
	    <Time Reference="Sa_3"/>
	  </Event>
	  <Event Reference="C1G_MUS">
	    <Duration>1</Duration>
	    <Time Reference="Sa_4"/>
	  </Event>
	  <Event Reference="C1G_MUS">
	    <Duration>1</Duration>
	    <Time Reference="Th_5"/>
	  </Event>
	  <Event Reference="C1G_FRA">
	    <Duration>1</Duration>
	    <Time Reference="We_2"/>
	  </Event>
	  <Event Reference="C1G_FRA">
	    <Duration>1</Duration>
	    <Time Reference="Mo_1"/>
	  </Event>
	  <Event Reference="C1G_IC">
	    <Duration>1</Duration>
	    <Time Reference="Fr_5"/>
	  </Event>
	  <Event Reference="C1G_ING">
	    <Duration>1</Duration>
	    <Time Reference="Mo_2"/>
	  </Event>
	  <Event Reference="C1G_ING">
	    <Duration>2</Duration>
	    <Time Reference="Sa_1"/>
	  </Event>
	  <Event Reference="C1G_ITA">
	    <Duration>1</Duration>
	    <Time Reference="Tu_2"/>
	  </Event>
	  <Event Reference="C1G_ITA">
	    <Duration>1</Duration>
	    <Time Reference="Fr_2"/>
	  </Event>
	  <Event Reference="C1G_ITA">
	    <Duration>2</Duration>
	    <Time Reference="Mo_4"/>
	  </Event>
	  <Event Reference="C1G_ITA">
	    <Duration>2</Duration>
	    <Time Reference="We_3"/>
	  </Event>
	  <Event Reference="C1G_GEOS">
	    <Duration>1</Duration>
	    <Time Reference="Th_4"/>
	  </Event>
	  <Event Reference="C1G_GEOS">
	    <Duration>1</Duration>
	    <Time Reference="Sa_5"/>
	  </Event>
	  <Event Reference="C1G_GEOS">
	    <Duration>1</Duration>
	    <Time Reference="Tu_3"/>
	  </Event>
	  <Event Reference="C1G_GEOS">
	    <Duration>1</Duration>
	    <Time Reference="Fr_1"/>
	  </Event>
	  <Event Reference="C1G_MATS">
	    <Duration>1</Duration>
	    <Time Reference="We_5"/>
	  </Event>
	  <Event Reference="C1G_MATS">
	    <Duration>1</Duration>
	    <Time Reference="Mo_3"/>
	  </Event>
	  <Event Reference="C1G_MATS">
	    <Duration>2</Duration>
	    <Time Reference="Fr_3"/>
	  </Event>
	  <Event Reference="C1G_MATS">
	    <Duration>2</Duration>
	    <Time Reference="Th_1"/>
	  </Event>
	  <Event Reference="C1G_SCMOT">
	    <Duration>1</Duration>
	    <Time Reference="We_1"/>
	  </Event>
	  <Event Reference="C1G_SCMOT">
	    <Duration>1</Duration>
	    <Time Reference="Tu_4"/>
	  </Event>
	  <Event Reference="C1G_TEC">
	    <Duration>1</Duration>
	    <Time Reference="Th_3"/>
	  </Event>
	  <Event Reference="C1G_TEC">
	    <Duration>1</Duration>
	    <Time Reference="Tu_1"/>
	  </Event>
	  <Event Reference="C2G_ART">
	    <Duration>2</Duration>
	    <Time Reference="Sa_1"/>
	  </Event>
	  <Event Reference="C2G_MUS">
	    <Duration>1</Duration>
	    <Time Reference="Th_4"/>
	  </Event>
	  <Event Reference="C2G_MUS">
	    <Duration>1</Duration>
	    <Time Reference="Sa_5"/>
	  </Event>
	  <Event Reference="C2G_FRA">
	    <Duration>1</Duration>
	    <Time Reference="Th_5"/>
	  </Event>
	  <Event Reference="C2G_FRA">
	    <Duration>1</Duration>
	    <Time Reference="Mo_3"/>
	  </Event>
	  <Event Reference="C2G_IC">
	    <Duration>1</Duration>
	    <Time Reference="Fr_3"/>
	  </Event>
	  <Event Reference="C2G_ING">
	    <Duration>1</Duration>
	    <Time Reference="Tu_4"/>
	  </Event>
	  <Event Reference="C2G_ING">
	    <Duration>2</Duration>
	    <Time Reference="Fr_4"/>
	  </Event>
	  <Event Reference="C2G_ITA">
	    <Duration>1</Duration>
	    <Time Reference="We_5"/>
	  </Event>
	  <Event Reference="C2G_ITA">
	    <Duration>1</Duration>
	    <Time Reference="Tu_1"/>
	  </Event>
	  <Event Reference="C2G_ITA">
	    <Duration>2</Duration>
	    <Time Reference="Mo_1"/>
	  </Event>
	  <Event Reference="C2G_ITA">
	    <Duration>2</Duration>
	    <Time Reference="Th_1"/>
	  </Event>
	  <Event Reference="C2G_GEOS">
	    <Duration>2</Duration>
	    <Time Reference="We_1"/>
	  </Event>
	  <Event Reference="C2G_GEOS">
	    <Duration>2</Duration>
	    <Time Reference="Sa_3"/>
	  </Event>
	  <Event Reference="C2G_MATS">
	    <Duration>1</Duration>
	    <Time Reference="We_3"/>
	  </Event>
	  <Event Reference="C2G_MATS">
	    <Duration>1</Duration>
	    <Time Reference="Th_3"/>
	  </Event>
	  <Event Reference="C2G_MATS">
	    <Duration>2</Duration>
	    <Time Reference="Mo_4"/>
	  </Event>
	  <Event Reference="C2G_MATS">
	    <Duration>2</Duration>
	    <Time Reference="Fr_1"/>
	  </Event>
	  <Event Reference="C2G_SCMOT">
	    <Duration>1</Duration>
	    <Time Reference="Tu_5"/>
	  </Event>
	  <Event Reference="C2G_SCMOT">
	    <Duration>1</Duration>
	    <Time Reference="We_4"/>
	  </Event>
	  <Event Reference="C2G_TEC">
	    <Duration>2</Duration>
	    <Time Reference="Tu_2"/>
	  </Event>
	  <Event Reference="C3G_ART">
	    <Duration>2</Duration>
	    <Time Reference="Sa_4"/>
	  </Event>
	  <Event Reference="C3G_MUS">
	    <Duration>2</Duration>
	    <Time Reference="Sa_1"/>
	  </Event>
	  <Event Reference="C3G_FRA">
	    <Duration>2</Duration>
	    <Time Reference="Mo_4"/>
	  </Event>
	  <Event Reference="C3G_IC">
	    <Duration>1</Duration>
	    <Time Reference="Fr_2"/>
	  </Event>
	  <Event Reference="C3G_ING">
	    <Duration>1</Duration>
	    <Time Reference="Sa_3"/>
	  </Event>
	  <Event Reference="C3G_ING">
	    <Duration>2</Duration>
	    <Time Reference="Th_1"/>
	  </Event>
	  <Event Reference="C3G_ITA">
	    <Duration>1</Duration>
	    <Time Reference="Mo_3"/>
	  </Event>
	  <Event Reference="C3G_ITA">
	    <Duration>1</Duration>
	    <Time Reference="Fr_1"/>
	  </Event>
	  <Event Reference="C3G_ITA">
	    <Duration>2</Duration>
	    <Time Reference="Th_4"/>
	  </Event>
	  <Event Reference="C3G_ITA">
	    <Duration>2</Duration>
	    <Time Reference="We_1"/>
	  </Event>
	  <Event Reference="C3G_GEOS">
	    <Duration>1</Duration>
	    <Time Reference="Th_3"/>
	  </Event>
	  <Event Reference="C3G_GEOS">
	    <Duration>1</Duration>
	    <Time Reference="We_3"/>
	  </Event>
	  <Event Reference="C3G_GEOS">
	    <Duration>2</Duration>
	    <Time Reference="Fr_3"/>
	  </Event>
	  <Event Reference="C3G_MATS">
	    <Duration>1</Duration>
	    <Time Reference="Fr_5"/>
	  </Event>
	  <Event Reference="C3G_MATS">
	    <Duration>1</Duration>
	    <Time Reference="We_4"/>
	  </Event>
	  <Event Reference="C3G_MATS">
	    <Duration>2</Duration>
	    <Time Reference="Tu_1"/>
	  </Event>
	  <Event Reference="C3G_MATS">
	    <Duration>2</Duration>
	    <Time Reference="Mo_1"/>
	  </Event>
	  <Event Reference="C3G_SCMOT">
	    <Duration>1</Duration>
	    <Time Reference="Tu_3"/>
	  </Event>
	  <Event Reference="C3G_SCMOT">
	    <Duration>1</Duration>
	    <Time Reference="We_5"/>
	  </Event>
	  <Event Reference="C3G_TEC">
	    <Duration>2</Duration>
	    <Time Reference="Tu_4"/>
	  </Event>
	  <Event Reference="C2H_ART">
	    <Duration>2</Duration>
	    <Time Reference="Tu_1"/>
	  </Event>
	  <Event Reference="C2H_MUS">
	    <Duration>1</Duration>
	    <Time Reference="Mo_3"/>
	  </Event>
	  <Event Reference="C2H_MUS">
	    <Duration>1</Duration>
	    <Time Reference="Th_3"/>
	  </Event>
	  <Event Reference="C2H_FRA">
	    <Duration>1</Duration>
	    <Time Reference="Th_4"/>
	  </Event>
	  <Event Reference="C2H_FRA">
	    <Duration>1</Duration>
	    <Time Reference="Mo_2"/>
	  </Event>
	  <Event Reference="C2H_IC">
	    <Duration>1</Duration>
	    <Time Reference="Fr_1"/>
	  </Event>
	  <Event Reference="C2H_ING">
	    <Duration>1</Duration>
	    <Time Reference="Mo_1"/>
	  </Event>
	  <Event Reference="C2H_ING">
	    <Duration>1</Duration>
	    <Time Reference="Fr_3"/>
	  </Event>
	  <Event Reference="C2H_ING">
	    <Duration>1</Duration>
	    <Time Reference="Tu_3"/>
	  </Event>
	  <Event Reference="C2H_ITA">
	    <Duration>1</Duration>
	    <Time Reference="We_5"/>
	  </Event>
	  <Event Reference="C2H_ITA">
	    <Duration>1</Duration>
	    <Time Reference="Tu_4"/>
	  </Event>
	  <Event Reference="C2H_ITA">
	    <Duration>1</Duration>
	    <Time Reference="Th_5"/>
	  </Event>
	  <Event Reference="C2H_ITA">
	    <Duration>1</Duration>
	    <Time Reference="Fr_2"/>
	  </Event>
	  <Event Reference="C2H_ITA">
	    <Duration>2</Duration>
	    <Time Reference="Sa_3"/>
	  </Event>
	  <Event Reference="C2H_GEOS">
	    <Duration>1</Duration>
	    <Time Reference="Tu_5"/>
	  </Event>
	  <Event Reference="C2H_GEOS">
	    <Duration>1</Duration>
	    <Time Reference="We_4"/>
	  </Event>
	  <Event Reference="C2H_GEOS">
	    <Duration>2</Duration>
	    <Time Reference="Sa_1"/>
	  </Event>
	  <Event Reference="C2H_MATS">
	    <Duration>1</Duration>
	    <Time Reference="Sa_5"/>
	  </Event>
	  <Event Reference="C2H_MATS">
	    <Duration>1</Duration>
	    <Time Reference="We_1"/>
	  </Event>
	  <Event Reference="C2H_MATS">
	    <Duration>2</Duration>
	    <Time Reference="Mo_4"/>
	  </Event>
	  <Event Reference="C2H_MATS">
	    <Duration>2</Duration>
	    <Time Reference="Fr_4"/>
	  </Event>
	  <Event Reference="C2H_SCMOT">
	    <Duration>2</Duration>
	    <Time Reference="We_2"/>
	  </Event>
	  <Event Reference="C2H_TEC">
	    <Duration>2</Duration>
	    <Time Reference="Th_1"/>
	  </Event>
	  <Event Reference="C2I_ART">
	    <Duration>2</Duration>
	    <Time Reference="Tu_3"/>
	  </Event>
	  <Event Reference="C2I_MUS">
	    <Duration>2</Duration>
	    <Time Reference="Mo_4"/>
	  </Event>
	  <Event Reference="C2I_FRA">
	    <Duration>1</Duration>
	    <Time Reference="We_1"/>
	  </Event>
	  <Event Reference="C2I_FRA">
	    <Duration>1</Duration>
	    <Time Reference="Th_3"/>
	  </Event>
	  <Event Reference="C2I_IC">
	    <Duration>1</Duration>
	    <Time Reference="Fr_4"/>
	  </Event>
	  <Event Reference="C2I_ING">
	    <Duration>1</Duration>
	    <Time Reference="Tu_5"/>
	  </Event>
	  <Event Reference="C2I_ING">
	    <Duration>2</Duration>
	    <Time Reference="Fr_1"/>
	  </Event>
	  <Event Reference="C2I_ITA">
	    <Duration>1</Duration>
	    <Time Reference="Fr_5"/>
	  </Event>
	  <Event Reference="C2I_ITA">
	    <Duration>1</Duration>
	    <Time Reference="We_4"/>
	  </Event>
	  <Event Reference="C2I_ITA">
	    <Duration>2</Duration>
	    <Time Reference="Sa_1"/>
	  </Event>
	  <Event Reference="C2I_ITA">
	    <Duration>2</Duration>
	    <Time Reference="Th_1"/>
	  </Event>
	  <Event Reference="C2I_GEOS">
	    <Duration>1</Duration>
	    <Time Reference="Sa_5"/>
	  </Event>
	  <Event Reference="C2I_GEOS">
	    <Duration>1</Duration>
	    <Time Reference="We_5"/>
	  </Event>
	  <Event Reference="C2I_GEOS">
	    <Duration>2</Duration>
	    <Time Reference="Mo_1"/>
	  </Event>
	  <Event Reference="C2I_MATS">
	    <Duration>1</Duration>
	    <Time Reference="Fr_3"/>
	  </Event>
	  <Event Reference="C2I_MATS">
	    <Duration>1</Duration>
	    <Time Reference="Mo_3"/>
	  </Event>
	  <Event Reference="C2I_MATS">
	    <Duration>2</Duration>
	    <Time Reference="Sa_3"/>
	  </Event>
	  <Event Reference="C2I_MATS">
	    <Duration>2</Duration>
	    <Time Reference="We_2"/>
	  </Event>
	  <Event Reference="C2I_SCMOT">
	    <Duration>2</Duration>
	    <Time Reference="Tu_1"/>
	  </Event>
	  <Event Reference="C2I_TEC">
	    <Duration>2</Duration>
	    <Time Reference="Th_4"/>
	  </Event>
        </Events>
      </Solution>
    </SolutionGroup>
  </SolutionGroups>
</HighSchoolTimetableArchive>

